hidden_layer_sizes,alpha,lr,n_params,r2_train,r2_val,cv_r2_mean,cv_r2_std,knn_preservation_k15,cluster_agreement,cluster_ari,min_cluster_r2,mean_cluster_r2,max_mae_dim,n_iter,composite,min_cluster_r2_clipped,composite_fixed
"(1024, 512, 256, 128)",0.0001,0.002,1739269,0.98822,0.9043,0.87803,0.02388,0.45824,0.73946,0.52942,-46265300.0,-2723156.09898,1.35532,44,,0.0,0.985524233005743
"(1024, 512, 256, 128)",0.01,0.002,1739269,0.98794,0.90493,0.87855,0.02648,0.46028,0.73563,0.51926,-77022032.0,-4531560.27452,1.34807,45,,0.0,0.9849929415464909
"(1024, 512, 256, 128, 64)",0.001,0.002,1747205,0.97676,0.8968,0.88989,0.018,0.45517,0.73563,0.52731,-72010736.0,-4236701.8147,1.27891,22,,0.0,0.9838248345162398
"(1024, 512, 256, 128)",1e-05,0.002,1739269,0.98804,0.9063,0.87584,0.02475,0.45211,0.7433,0.53345,-62563000.0,-3681751.32811,1.37614,35,,0.0,0.9826107344840381
"(1024, 512, 256, 128)",1e-06,0.002,1739269,0.98817,0.90406,0.87879,0.02796,0.45083,0.73946,0.53174,-74439944.0,-4379917.6089,1.37409,45,,0.0,0.9789785796219507
"(1024, 512, 256, 128, 64)",1e-05,0.002,1747205,0.97503,0.90642,0.88668,0.02723,0.45032,0.70881,0.48363,-44339908.0,-2609484.36691,1.31289,35,,0.0,0.9723749828383859
"(1024, 512, 256, 128, 64)",0.001,0.001,1747205,0.98512,0.88547,0.86463,0.02792,0.44649,0.7433,0.54135,-60470292.0,-3558807.41265,1.36822,56,,0.0,0.9694559940048368
"(1024, 512, 256, 128)",0.001,0.002,1739269,0.98177,0.90161,0.87507,0.02522,0.44419,0.71648,0.49805,-58870860.0,-3464074.22206,1.41624,21,,0.0,0.9683950415749022
"(1024, 512, 256, 128, 64)",0.0001,0.002,1747205,0.98177,0.9033,0.88866,0.02022,0.44802,0.68582,0.46768,-44813468.0,-2636836.74874,1.29326,36,,0.0,0.9668383881464844
"(1024, 512, 256, 128, 64)",1e-06,0.002,1747205,0.96833,0.89031,0.8837,0.02676,0.44138,0.72797,0.50592,-50372312.0,-2965706.7009,1.3608,33,,0.0,0.9662350072822378
"(1024, 512, 256, 128, 64)",1e-05,0.001,1747205,0.98584,0.87921,0.86397,0.02912,0.44521,0.72414,0.51275,-93974704.0,-5529403.16069,1.36246,59,,0.0,0.9608138200759911
"(1024, 512, 256, 128, 64)",0.01,0.002,1747205,0.9768,0.88964,0.88369,0.02224,0.44981,0.66667,0.4641,-61441172.0,-3615898.46298,1.45752,20,,0.0,0.9569202564240081
"(1024, 256, 1024)",0.0001,0.002,1580293,0.98319,0.8816,0.87317,0.02575,0.44189,0.70115,0.46544,-68433552.0,-4026864.96386,1.41941,82,,0.0,0.9557111528969559
"(1024, 512, 256, 64)",0.0001,0.002,1722501,0.98282,0.88301,0.8691,0.02465,0.43602,0.71264,0.49229,-91751152.0,-5399019.43735,1.39076,47,,0.0,0.9554504030484232
"(1024, 512, 256, 64)",0.001,0.002,1722501,0.98196,0.87844,0.8661,0.02557,0.43499,0.71648,0.49414,-91136640.0,-5363464.37432,1.41698,29,,0.0,0.9535743546178084
"(1024, 512, 256, 64)",0.01,0.002,1722501,0.98308,0.88662,0.86797,0.02439,0.43678,0.68582,0.46434,-90711840.0,-5338138.48307,1.37848,45,,0.0,0.9499068473863864
"(1024, 512, 256, 128, 64)",1e-06,0.001,1747205,0.97503,0.88156,0.86323,0.02934,0.43193,0.70115,0.49459,-62324780.0,-3668773.41282,1.35857,36,,0.0,0.9465740697942353
"(1024, 512, 256, 128, 64)",0.01,0.001,1747205,0.9821,0.87362,0.86943,0.02766,0.43627,0.69349,0.50259,-67215816.0,-3957318.52168,1.46709,22,,0.0,0.9461195385357353
"(1024, 256, 1024)",1e-05,0.002,1580293,0.98023,0.86536,0.87086,0.02556,0.43627,0.69732,0.4675,-75539160.0,-4445078.50954,1.4119,36,,0.0,0.9454632403709587
"(1024, 256, 1024)",0.01,0.002,1580293,0.97997,0.87207,0.87415,0.02825,0.43908,0.67433,0.44102,-86027072.0,-5061732.69769,1.41683,31,,0.0,0.9425640315061412
"(1024, 512, 256, 64)",1e-05,0.002,1722501,0.98022,0.8762,0.86882,0.0293,0.42631,0.70115,0.48765,-100765472.0,-5929367.92192,1.41926,26,,0.0,0.9417821194376068
"(1024, 256, 1024)",0.001,0.002,1580293,0.98,0.8684,0.8723,0.02584,0.43397,0.68199,0.44487,-61665076.0,-3629105.65262,1.42458,36,,0.0,0.9408891046732
"(1024, 512, 256, 128, 64)",0.0001,0.001,1747205,0.98055,0.88128,0.86587,0.02721,0.42605,0.68582,0.46816,-65548008.0,-3857379.91051,1.39484,36,,0.0,0.9397197267045478
"(1024, 512, 256, 128)",0.01,0.001,1739269,0.98763,0.87884,0.85572,0.03175,0.42554,0.69732,0.49245,-59828040.0,-3521042.74888,1.46478,24,,0.0,0.9386173695443873
"(512, 256, 128, 64)",0.001,0.002,697605,0.98374,0.88555,0.86775,0.02715,0.42427,0.67433,0.45975,-78653272.0,-4628089.0871,1.39035,69,,0.0,0.9371177819349267
"(1024, 256, 1024)",1e-06,0.002,1580293,0.97978,0.86739,0.87341,0.02749,0.43269,0.67433,0.43915,-67143136.0,-3951300.05728,1.44212,36,,0.0,0.9370878244785847
"(512, 256, 128, 64)",0.0001,0.002,697605,0.98081,0.88622,0.86649,0.02872,0.42478,0.6705,0.44663,-66420608.0,-3908545.4428,1.42848,45,,0.0,0.9358371947744406
"(1024, 512, 256, 128)",0.0001,0.001,1739269,0.98618,0.87708,0.85215,0.02863,0.42784,0.67816,0.45481,-68656096.0,-4040537.81259,1.48422,24,,0.0,0.935294173385606
"(512, 256, 128, 64)",0.01,0.002,697605,0.98216,0.88716,0.86616,0.02818,0.42222,0.6705,0.44869,-73845608.0,-4345278.56505,1.45915,36,,0.0,0.9346705818129409
"(1024, 512, 128)",0.001,0.002,1640709,0.98624,0.87131,0.85254,0.02509,0.41277,0.71264,0.46738,-65789364.0,-3872174.60437,1.63174,31,,0.0,0.9343776014123499
"(1024, 512, 256, 128)",1e-05,0.001,1739269,0.98641,0.87379,0.85322,0.02819,0.42273,0.68966,0.48327,-68493552.0,-4030924.65755,1.47453,24,,0.0,0.9342749425779288
"(1024, 512, 256, 64)",1e-06,0.002,1722501,0.97929,0.87685,0.86823,0.02781,0.42197,0.67816,0.4645,-95618592.0,-5626739.39644,1.42745,24,,0.0,0.9335451617748902
"(512, 256, 128, 64)",1e-06,0.002,697605,0.98495,0.88061,0.87049,0.02546,0.42197,0.659,0.43961,-80794640.0,-4754118.45381,1.4349,36,,0.0,0.9308800060994695
"(512, 256, 128, 64)",1e-05,0.002,697605,0.97871,0.87716,0.86889,0.02572,0.41635,0.67433,0.45189,-65748020.0,-3868966.09338,1.41119,44,,0.0,0.9299104823067176
"(1024, 512, 256, 128)",0.001,0.001,1739269,0.98667,0.87767,0.85103,0.0307,0.42171,0.6705,0.44866,-60175040.0,-3541634.93829,1.48437,24,,0.0,0.9284334768716264
"(1024, 512, 128)",0.01,0.002,1640709,0.98457,0.87008,0.85595,0.02843,0.40792,0.70498,0.45743,-64913832.0,-3820835.03139,1.61831,26,,0.0,0.9277218609305353
"(1024, 512, 256, 128)",1e-06,0.001,1739269,0.98652,0.87554,0.85399,0.03165,0.41737,0.67816,0.46689,-70044144.0,-4122130.70739,1.4876,24,,0.0,0.9268925516746931
"(512, 256, 64)",0.0001,0.002,672901,0.99015,0.86757,0.84201,0.02544,0.4235,0.66667,0.4301,-49450652.0,-2910687.31876,1.60698,85,,0.0,0.9264331602046818
"(1024, 512, 128)",1e-06,0.002,1640709,0.98673,0.86832,0.85443,0.02611,0.40434,0.70498,0.46375,-71627440.0,-4215623.61471,1.58272,39,,0.0,0.9256143304227455
"(1024, 256, 64)",1e-05,0.002,1328773,0.97994,0.86806,0.85231,0.02167,0.40945,0.68199,0.44651,-48067248.0,-2828948.09981,1.49127,57,,0.0,0.9243085917977534
"(1024, 512, 128)",0.0001,0.002,1640709,0.98696,0.86962,0.85394,0.02719,0.40562,0.69732,0.45287,-72721648.0,-4280139.06885,1.6108,46,,0.0,0.9243069157726402
"(1024, 512)",0.001,0.002,1576965,0.98664,0.84014,0.83681,0.0203,0.42529,0.68199,0.49279,-53240788.0,-3134177.8361,1.50841,39,,0.0,0.9242284101352657
"(1024, 512, 128)",1e-05,0.002,1640709,0.98664,0.86928,0.8548,0.02576,0.40281,0.69732,0.44851,-71009200.0,-4179291.06419,1.59392,39,,0.0,0.9230630607617007
"(1024, 512)",1e-05,0.002,1576965,0.98664,0.83831,0.83556,0.0192,0.42708,0.6705,0.47761,-58814708.0,-3462040.12819,1.5043,39,,0.0,0.9220215790954338
"(512, 128, 512)",0.01,0.002,659077,0.97301,0.86817,0.85919,0.02663,0.41456,0.66284,0.43425,-32178932.0,-1895268.24701,1.49032,21,,0.0,0.9212026550114368
"(1024, 512)",0.0001,0.002,1576965,0.9867,0.83867,0.83614,0.01895,0.42324,0.67433,0.47454,-58543276.0,-3446075.29645,1.50963,39,,0.0,0.9208391328154302
"(1024, 512)",1e-06,0.002,1576965,0.98665,0.83836,0.83543,0.01925,0.42631,0.66667,0.47411,-59018356.0,-3474018.57486,1.50394,39,,0.0,0.9204700088653757
"(1024, 512, 256)",0.01,0.002,1707013,0.98549,0.85945,0.85568,0.03217,0.41405,0.6705,0.41955,-61289012.0,-3607216.98549,1.49765,29,,0.0,0.9173126728709364
"(1024, 512, 256, 64)",0.01,0.001,1722501,0.97987,0.86688,0.85036,0.03103,0.41201,0.66667,0.45106,-63998572.0,-3767221.44222,1.54147,36,,0.0,0.917294940615202
"(1024, 512)",0.01,0.002,1576965,0.98785,0.84033,0.84112,0.0204,0.42095,0.66284,0.44847,-54326904.0,-3198090.87263,1.52642,47,,0.0,0.9167520092492617
"(1024, 512, 256)",0.001,0.002,1707013,0.98478,0.85886,0.85321,0.03077,0.41584,0.659,0.40333,-67387728.0,-3965690.48413,1.5244,26,,0.0,0.9155030756363015
"(1024, 512, 256)",0.0001,0.002,1707013,0.98508,0.85691,0.85404,0.03133,0.40664,0.68199,0.42437,-53173284.0,-3129904.43773,1.55713,29,,0.0,0.914904180234879
"(512, 128, 512)",1e-06,0.002,659077,0.97378,0.86895,0.85393,0.02866,0.40894,0.65517,0.42367,-37202924.0,-2190840.28474,1.47504,21,,0.0,0.9142862147824538
"(512, 256, 64)",0.01,0.002,672901,0.99,0.8595,0.84548,0.02549,0.41609,0.64751,0.42497,-58305300.0,-3431755.01089,1.63378,51,,0.0,0.9141459893764676
"(512, 256, 64)",1e-06,0.002,672901,0.99009,0.8537,0.83702,0.02823,0.41941,0.65134,0.43036,-65808564.0,-3873372.02099,1.65822,36,,0.0,0.9133136989919949
"(1024, 256, 64)",0.001,0.002,1328773,0.97911,0.86136,0.84668,0.02538,0.40562,0.66667,0.426,-62207128.0,-3661705.28177,1.50565,48,,0.0,0.9132741524860734
"(512, 128, 512)",1e-05,0.002,659077,0.9736,0.8698,0.8523,0.02717,0.41047,0.64368,0.41616,-36992084.0,-2178472.75786,1.47367,21,,0.0,0.9129188244253392
"(512, 128, 512)",0.001,0.002,659077,0.97283,0.86906,0.859,0.02971,0.41124,0.64368,0.41278,-31609040.0,-1861798.98115,1.47325,21,,0.0,0.912856673973065
"(1024, 512, 256)",1e-05,0.002,1707013,0.98515,0.85709,0.85117,0.02978,0.40613,0.6705,0.40877,-52393708.0,-3084058.95645,1.55806,29,,0.0,0.9118713927281343
"(1024, 256, 64)",0.01,0.002,1328773,0.97972,0.85867,0.85392,0.02463,0.40102,0.6705,0.43152,-86782424.0,-5107507.63251,1.5562,29,,0.0,0.9115463207337963
"(1024, 256, 64)",1e-06,0.002,1328773,0.97738,0.86659,0.85294,0.02804,0.40485,0.65517,0.41528,-45577564.0,-2683741.97043,1.57653,41,,0.0,0.9109897711791929
"(512, 128, 512)",0.0001,0.002,659077,0.97467,0.86766,0.85528,0.02913,0.40434,0.65517,0.42557,-39753780.0,-2340737.03135,1.46923,21,,0.0,0.9108144270551303
"(512, 256, 64)",0.001,0.002,672901,0.99031,0.85389,0.84114,0.02524,0.41584,0.64368,0.42119,-64744200.0,-3810696.66369,1.65066,36,,0.0,0.9107135616658899
"(1024, 512, 256)",1e-06,0.002,1707013,0.98435,0.85589,0.85546,0.03004,0.40587,0.66667,0.40965,-52274780.0,-3076677.69062,1.56917,26,,0.0,0.9106465739325834
"(1024, 512, 256, 64)",1e-05,0.001,1722501,0.98077,0.86571,0.85481,0.0327,0.39898,0.67433,0.4615,-62210888.0,-3662101.31838,1.5343,24,,0.0,0.9102713672589876
"(1024, 256, 64)",0.0001,0.002,1328773,0.97663,0.86666,0.84726,0.02588,0.4,0.66284,0.43511,-40177172.0,-2366090.06817,1.5765,41,,0.0,0.9101889316639457
"(1024, 512, 256, 64)",0.0001,0.001,1722501,0.98094,0.86604,0.85499,0.02988,0.39515,0.6705,0.45443,-62051048.0,-3652657.37885,1.53516,24,,0.0,0.9080641440147782
"(1024, 256)",0.0001,0.002,1313285,0.98157,0.8366,0.8431,0.0252,0.41201,0.66284,0.42915,-81101768.0,-4774280.03943,1.70905,48,,0.0,0.9078872643137481
"(512, 256, 64)",1e-05,0.002,672901,0.99016,0.85328,0.84134,0.02597,0.4166,0.63218,0.41104,-64342636.0,-3787161.69931,1.66735,36,,0.0,0.907627089809599
"(1024, 256)",0.001,0.002,1313285,0.98348,0.833,0.83104,0.02261,0.40996,0.6705,0.43416,-93804760.0,-5521950.27101,1.71845,46,,0.0,0.9071585794998916
"(512, 256, 128)",0.001,0.002,689669,0.99001,0.86615,0.83149,0.03615,0.39745,0.67816,0.44533,-97730784.0,-5750936.52904,1.58291,30,,0.0,0.9063737020819947
"(1024, 512, 256, 128, 64)",0.0001,0.0005,1747205,0.98471,0.83922,0.82839,0.02466,0.40996,0.66284,0.41083,-89391840.0,-5260169.6844,1.47485,95,,0.0,0.9059931612816179
"(1024, 256)",0.01,0.002,1313285,0.97846,0.83743,0.83696,0.02465,0.40587,0.6705,0.43854,-85492848.0,-5032768.68829,1.75886,49,,0.0,0.9057632918542959
"(1024, 256, 1024)",1e-05,0.001,1580293,0.97625,0.8579,0.84296,0.02698,0.40051,0.65517,0.40918,-104094064.0,-6125570.22392,1.66209,22,,0.0,0.9046107918097899
"(1024, 256, 1024)",0.001,0.001,1580293,0.97631,0.85649,0.84205,0.02693,0.39974,0.659,0.41431,-109856296.0,-6464480.92287,1.68056,22,,0.0,0.9045916343472435
"(1024, 256, 1024)",1e-06,0.001,1580293,0.97624,0.8587,0.84217,0.0264,0.40051,0.65134,0.40519,-103963000.0,-6117710.55128,1.65993,22,,0.0,0.9040010429340676
"(512, 256, 128)",1e-06,0.002,689669,0.98858,0.86838,0.83076,0.03464,0.3954,0.66667,0.42514,-94285784.0,-5547938.59622,1.6181,45,,0.0,0.9032392683823858
"(1024, 512, 256, 64)",1e-06,0.001,1722501,0.97983,0.86386,0.84757,0.03046,0.40077,0.64368,0.41959,-65193912.0,-3837773.29431,1.53746,24,,0.0,0.9027105461995528
"(512, 256, 128)",0.01,0.002,689669,0.99034,0.86532,0.82797,0.03003,0.39821,0.65517,0.41061,-99104848.0,-5831621.07536,1.59109,30,,0.0,0.9025957959098252
"(1024, 256, 1024)",0.0001,0.001,1580293,0.97619,0.85738,0.84281,0.02672,0.39617,0.65134,0.40798,-106609232.0,-6273468.33126,1.68355,22,,0.0,0.9006723101257926
"(1024, 256, 1024)",0.01,0.001,1580293,0.97605,0.85731,0.84186,0.02808,0.39234,0.66284,0.42179,-117817432.0,-6932621.49588,1.6992,22,,0.0,0.900566404881328
"(1024, 256)",1e-05,0.002,1313285,0.97916,0.84591,0.84052,0.02436,0.40383,0.64368,0.40504,-89152080.0,-5247922.93407,1.75241,46,,0.0,0.9005462885277942
"(1024, 256)",1e-06,0.002,1313285,0.9796,0.83582,0.84051,0.02587,0.40358,0.659,0.41723,-96681216.0,-5690449.55967,1.73918,49,,0.0,0.9005275748167129
"(1024, 512, 256, 64)",0.001,0.001,1722501,0.98046,0.86215,0.85025,0.03075,0.39591,0.64751,0.42738,-62395872.0,-3673258.39514,1.52333,39,,0.0,0.900186252759104
"(512, 256, 128)",0.0001,0.002,689669,0.98966,0.86651,0.8338,0.03605,0.3954,0.64368,0.40354,-113901144.0,-6701991.93154,1.60943,27,,0.0,0.8961809502720348
"(1024, 512, 128)",1e-05,0.001,1640709,0.98461,0.86612,0.82854,0.02257,0.38442,0.64751,0.41961,-65981512.0,-3883320.15801,1.68392,95,,0.0,0.8950240168232866
"(512, 256, 128)",1e-05,0.002,689669,0.98767,0.8705,0.83362,0.03662,0.38978,0.64751,0.39702,-59438552.0,-3498195.96254,1.58635,57,,0.0,0.8946082874238555
"(1024, 512, 256, 128, 64)",0.01,0.0005,1747205,0.98372,0.83253,0.83007,0.02559,0.39464,0.659,0.4317,-89665544.0,-5276252.80495,1.52904,85,,0.0,0.8925567823194217
"(1024, 512, 128)",0.0001,0.001,1640709,0.98316,0.85393,0.83035,0.02092,0.38365,0.63218,0.39282,-79808208.0,-4696709.6005,1.69795,88,,0.0,0.8872625209846376
"(1024, 64)",0.01,0.002,1115525,0.98496,0.85788,0.826,0.04028,0.39949,0.62069,0.40583,-55764536.0,-3282113.54186,1.62728,143,,0.0,0.8871427246101532
"(1024, 64)",0.01,0.002,1115525,0.98496,0.85788,0.826,0.04028,0.39949,0.62069,0.40583,-55764536.0,-3282113.54186,1.62728,143,,0.0,0.8871427246101532
"(1024, 512, 128)",0.01,0.001,1640709,0.98326,0.85152,0.82945,0.02425,0.38365,0.62835,0.38026,-86434488.0,-5087032.17678,1.7511,71,,0.0,0.8839277828331141
"(1024, 512, 256)",0.001,0.001,1707013,0.9854,0.83519,0.82384,0.02945,0.38238,0.65517,0.42162,-65689836.0,-3866849.63618,1.71058,34,,0.0,0.8820866502510691
"(1024, 512, 256)",0.0001,0.001,1707013,0.98562,0.83518,0.82364,0.02831,0.37957,0.659,0.41497,-64939092.0,-3822633.00744,1.72475,34,,0.0,0.8817410459164198
"(1024, 512, 256)",1e-05,0.001,1707013,0.98486,0.83819,0.82666,0.02854,0.37931,0.64368,0.4007,-65748332.0,-3870265.35957,1.71815,25,,0.0,0.8786879496188185
"(1024, 512, 128)",1e-06,0.001,1640709,0.98244,0.84949,0.83193,0.02645,0.37369,0.63218,0.40625,-76748200.0,-4517170.87099,1.77299,72,,0.0,0.8771449286725275
"(1024, 512, 256)",0.01,0.001,1707013,0.98549,0.83994,0.82963,0.03122,0.37982,0.63602,0.38699,-64282964.0,-3783851.84054,1.7295,36,,0.0,0.8767411397784842
"(1024, 512, 256)",1e-06,0.001,1707013,0.98489,0.83797,0.82627,0.02913,0.3788,0.63602,0.39624,-63502316.0,-3738103.48258,1.72567,25,,0.0,0.8759288165289052
"(512, 32)",0.01,0.002,541381,0.98533,0.86056,0.83109,0.02061,0.36194,0.62452,0.39004,-88271936.0,-5194509.86517,1.7243,179,,0.0,0.8734596976011716
"(1024, 512, 128)",0.001,0.001,1640709,0.9846,0.84836,0.83294,0.02562,0.3696,0.6092,0.37804,-77229456.0,-4545592.07426,1.7924,49,,0.0,0.8683857211127499
"(1024, 256, 64)",0.01,0.001,1328773,0.97892,0.82727,0.82918,0.03187,0.36245,0.659,0.41883,-100748640.0,-5928766.72875,1.72744,36,,0.0,0.8670846877230642
"(1024, 32)",1e-05,0.002,1082565,0.96512,0.81147,0.81842,0.02684,0.38008,0.63218,0.43835,-90354832.0,-5317962.89155,1.79708,75,,0.0,0.8670434505177659
"(512, 256, 128, 64)",0.001,0.001,697605,0.9823,0.83609,0.82429,0.03402,0.37803,0.61303,0.39812,-88247712.0,-5193308.54182,1.66705,29,,0.0,0.8663324793410014
"(512, 256, 128, 64)",0.01,0.001,697605,0.98239,0.83932,0.82685,0.03364,0.36884,0.62835,0.41906,-79894368.0,-4701975.1839,1.68809,34,,0.0,0.8659819000109985
"(1024, 256, 64)",0.0001,0.001,1328773,0.97754,0.82673,0.82181,0.02959,0.36117,0.65134,0.40359,-100718256.0,-5927035.64853,1.73694,26,,0.0,0.8641446855476898
"(1024, 32)",0.01,0.002,1082565,0.97666,0.82614,0.83579,0.0297,0.37165,0.62069,0.41571,-70054488.0,-4123073.95623,1.80018,109,,0.0,0.8640575855060162
"(1024, 256, 64)",0.001,0.001,1328773,0.97791,0.82648,0.82592,0.03316,0.3645,0.64368,0.39389,-98733440.0,-5810259.57809,1.72213,26,,0.0,0.8631264257590995
"(512, 256, 128, 64)",0.0001,0.001,697605,0.9821,0.83606,0.82574,0.03233,0.37318,0.6092,0.38753,-88878544.0,-5230551.84407,1.6951,32,,0.0,0.8630070935926092
"(1024, 256, 64)",1e-05,0.001,1328773,0.97789,0.82658,0.82185,0.02932,0.36347,0.63985,0.3941,-94016976.0,-5532826.65977,1.72068,27,,0.0,0.8626209565789218
"(512, 256, 128, 64)",1e-05,0.001,697605,0.98219,0.83501,0.82746,0.03252,0.37292,0.6092,0.39051,-92452976.0,-5440797.73199,1.69158,32,,0.0,0.8626032037476821
"(1024, 512, 256, 128, 64)",0.001,0.0005,1747205,0.98283,0.81437,0.82968,0.02776,0.3811,0.60153,0.3607,-97644112.0,-5746182.74584,1.59789,25,,0.0,0.861298117573305
"(1024, 256, 64)",1e-06,0.001,1328773,0.97771,0.82578,0.82322,0.03054,0.36066,0.64368,0.39625,-103510128.0,-6091240.22556,1.72538,26,,0.0,0.8611942775996921
"(512, 256, 128, 64)",1e-06,0.001,697605,0.98204,0.83443,0.82682,0.03287,0.37037,0.6092,0.39354,-92329192.0,-5433565.10191,1.69526,29,,0.0,0.8605295722279949
"(512, 128, 512)",0.01,0.001,659077,0.97417,0.81845,0.82147,0.04099,0.37905,0.61686,0.39398,-46537896.0,-2740694.24397,1.66439,20,,0.0,0.8589309123718841
"(1024, 512, 256, 128, 64)",1e-05,0.0005,1747205,0.98282,0.81437,0.82506,0.0256,0.36909,0.61303,0.38212,-83577344.0,-4918738.66824,1.59646,25,,0.0,0.856957040719713
"(1024, 128)",0.0001,0.002,1181445,0.97336,0.84039,0.8167,0.02608,0.35479,0.61686,0.37793,-90002280.0,-5297910.99668,1.79471,95,,0.0,0.8561370434260438
"(512, 256, 64)",0.0001,0.001,672901,0.98601,0.82163,0.78496,0.0288,0.36322,0.63602,0.3991,-69633072.0,-4098883.81739,1.98258,22,,0.0,0.8558631680968467
"(512, 128, 512)",1e-06,0.001,659077,0.97433,0.81829,0.81566,0.0365,0.37701,0.60536,0.37615,-50818964.0,-2992476.58105,1.66587,20,,0.0,0.8556961270115373
"(1024, 512, 256, 128, 64)",1e-06,0.0005,1747205,0.98317,0.81368,0.82794,0.02426,0.37241,0.5977,0.35953,-91471824.0,-5382917.95152,1.59906,25,,0.0,0.8556569008776638
"(512, 128, 512)",0.001,0.001,659077,0.9742,0.81782,0.81556,0.03769,0.37573,0.6092,0.38865,-50986324.0,-3002372.69795,1.6714,20,,0.0,0.8552260511882761
"(512, 128, 512)",0.0001,0.001,659077,0.97442,0.81878,0.81547,0.03629,0.3765,0.60153,0.37725,-50705692.0,-2985752.86613,1.66501,20,,0.0,0.8545626367180296
"(1024, 32)",0.0001,0.002,1082565,0.97205,0.80254,0.82968,0.0306,0.36756,0.62452,0.38915,-85787696.0,-5049433.36815,1.89136,64,,0.0,0.8535449630496031
"(512, 256, 64)",0.001,0.001,672901,0.98567,0.82194,0.78608,0.02571,0.35888,0.63218,0.39605,-70001840.0,-4120551.01548,1.9751,28,,0.0,0.8535338122722523
"(1024, 32)",1e-06,0.002,1082565,0.96969,0.80281,0.81647,0.03273,0.36782,0.63218,0.42043,-81149304.0,-4776334.59869,1.87569,60,,0.0,0.8534814517383574
"(1024, 32)",0.001,0.002,1082565,0.97395,0.81388,0.82141,0.03286,0.37344,0.60153,0.37028,-72960248.0,-4294206.82096,1.81386,97,,0.0,0.8530615559062784
"(512, 128, 512)",1e-05,0.001,659077,0.97425,0.81726,0.81552,0.03655,0.37548,0.5977,0.3729,-50243520.0,-2958687.11953,1.668,20,,0.0,0.8522600927162328
"(512, 256, 64)",1e-06,0.001,672901,0.98562,0.82164,0.78616,0.02686,0.35888,0.62835,0.39096,-69138264.0,-4069791.05549,1.99443,28,,0.0,0.8519276160000796
"(1024, 512, 256, 64)",0.01,0.0005,1722501,0.97855,0.83319,0.80772,0.03559,0.3576,0.62069,0.39608,-95397328.0,-5614772.66157,1.60705,26,,0.0,0.8515932876938461
"(512, 256, 64)",1e-05,0.001,672901,0.98562,0.82164,0.78501,0.02864,0.35888,0.62835,0.39096,-69186688.0,-4072639.90198,1.99454,28,,0.0,0.8510471415038151
"(1024, 512, 256, 64)",0.001,0.0005,1722501,0.97912,0.83297,0.80594,0.0353,0.35964,0.61303,0.38799,-98774896.0,-5813553.30964,1.61331,37,,0.0,0.8507113893725852
"(1024, 512, 256, 64)",1e-06,0.0005,1722501,0.979,0.83098,0.80657,0.03514,0.36143,0.60536,0.3839,-103665936.0,-6101477.18682,1.62564,37,,0.0,0.8492939886885438
"(512, 256, 64)",0.01,0.001,672901,0.98643,0.82179,0.78905,0.02288,0.35377,0.62069,0.38463,-68621376.0,-4039432.70877,1.96365,33,,0.0,0.8485901108898427
"(1024, 512, 256, 64)",0.0001,0.0005,1722501,0.9791,0.83139,0.80889,0.03793,0.35939,0.6092,0.38229,-106135888.0,-6246746.61156,1.62493,37,,0.0,0.8482164852005224
"(1024, 512, 256, 64)",1e-05,0.0005,1722501,0.97903,0.83159,0.80616,0.03472,0.36143,0.5977,0.3828,-105617840.0,-6216304.13998,1.62225,37,,0.0,0.8475659898341825
"(1024, 64)",0.0001,0.002,1115525,0.98135,0.83314,0.81155,0.03704,0.36935,0.57471,0.36573,-87852416.0,-5169482.40189,1.72529,87,,0.0,0.8466816866864121
"(1024, 64)",0.0001,0.002,1115525,0.98135,0.83314,0.81155,0.03704,0.36935,0.57471,0.36573,-87852416.0,-5169482.40189,1.72529,87,,0.0,0.8466816866864121
"(1024, 128)",0.01,0.002,1181445,0.96333,0.82339,0.83105,0.02274,0.35785,0.58238,0.35294,-93385864.0,-5497357.83155,1.93565,52,,0.0,0.8462496031952685
"(1024, 64)",0.001,0.002,1115525,0.97698,0.81825,0.82118,0.03617,0.37241,0.57854,0.35428,-120848704.0,-7110813.30991,1.81959,66,,0.0,0.8462278231371957
"(1024, 64)",0.001,0.002,1115525,0.97698,0.81825,0.82118,0.03617,0.37241,0.57854,0.35428,-120848704.0,-7110813.30991,1.81959,66,,0.0,0.8462278231371957
"(1024, 128)",1e-05,0.002,1181445,0.97031,0.83774,0.81044,0.02881,0.35147,0.5977,0.36769,-85101008.0,-5009394.3923,1.873,66,,0.0,0.8460850300469291
"(1024, 64)",1e-06,0.002,1115525,0.98092,0.82109,0.82774,0.03334,0.36092,0.59387,0.37652,-98464016.0,-5794058.39047,1.80259,79,,0.0,0.8457352785724562
"(1024, 64)",1e-06,0.002,1115525,0.98092,0.82109,0.82774,0.03334,0.36092,0.59387,0.37652,-98464016.0,-5794058.39047,1.80259,79,,0.0,0.8457352785724562
"(1024, 256, 64)",0.01,0.0005,1328773,0.97644,0.81237,0.7865,0.02907,0.35709,0.62069,0.40948,-99931200.0,-5880936.40337,1.78359,124,,0.0,0.8447372231429066
"(1024, 64)",1e-05,0.002,1115525,0.97783,0.81861,0.82442,0.03522,0.36117,0.59387,0.36676,-92827360.0,-5462738.3964,1.80556,64,,0.0,0.8439108816855426
"(1024, 64)",1e-05,0.002,1115525,0.97783,0.81861,0.82442,0.03522,0.36117,0.59387,0.36676,-92827360.0,-5462738.3964,1.80556,64,,0.0,0.8439108816855426
"(1024, 512, 256, 128)",0.01,0.0005,1739269,0.98421,0.83005,0.80736,0.02741,0.35734,0.58238,0.35089,-67124088.0,-3951179.20392,1.77942,26,,0.0,0.8434883831045525
"(1024, 512, 256, 128)",1e-05,0.0005,1739269,0.98413,0.82968,0.80728,0.02694,0.35607,0.57854,0.34799,-67602928.0,-3979620.78094,1.79445,26,,0.0,0.8416943086900133
"(1024, 512, 256, 128)",0.0001,0.0005,1739269,0.98403,0.83096,0.80689,0.02753,0.35683,0.57471,0.34321,-68146584.0,-4011691.96821,1.80056,24,,0.0,0.8412899306989964
"(1024, 512, 256, 128)",1e-06,0.0005,1739269,0.98413,0.82923,0.80763,0.02686,0.35683,0.57471,0.34749,-68026448.0,-4004537.22659,1.79549,26,,0.0,0.8410832768073134
"(1024, 128)",1e-06,0.002,1181445,0.96892,0.82962,0.80832,0.03141,0.34636,0.60536,0.36784,-101570776.0,-5978303.28874,1.86809,62,,0.0,0.8407924758623327
"(1024, 512, 256, 128)",0.001,0.0005,1739269,0.98414,0.83038,0.80703,0.02793,0.35734,0.57088,0.34191,-68235784.0,-4016628.75343,1.78669,26,,0.0,0.8402467467552575
"(1024, 512)",1e-06,0.001,1576965,0.98198,0.79909,0.78331,0.03074,0.36782,0.5977,0.38079,-106403920.0,-6263363.48411,1.82955,22,,0.0,0.8400862601664769
"(1024, 128)",1e-06,0.001,1181445,0.96927,0.80808,0.77888,0.04084,0.36296,0.61303,0.36176,-85825408.0,-5052170.55539,1.82779,88,,0.0,0.8392584166998152
"(1024, 128)",0.001,0.001,1181445,0.97007,0.81456,0.7741,0.03616,0.3622,0.60153,0.35587,-76104560.0,-4480663.29739,1.88215,91,,0.0,0.8392514965641568
"(1024, 128)",0.001,0.002,1181445,0.96893,0.81545,0.8184,0.02972,0.353,0.59387,0.35527,-117571472.0,-6920039.65443,1.90843,45,,0.0,0.8391847640196904
"(512, 128)",1e-06,0.002,591109,0.97858,0.81906,0.78848,0.03084,0.34049,0.63218,0.37889,-87300800.0,-5138738.0287,2.10598,94,,0.0,0.8386990206100685
"(256, 128, 64)",1e-06,0.002,303877,0.97512,0.8264,0.79367,0.02581,0.35632,0.57471,0.34104,-65814516.0,-3874122.24612,1.91223,23,,0.0,0.8386886355131165
"(256, 128, 64)",1e-05,0.002,303877,0.97511,0.8264,0.80033,0.02962,0.35734,0.57471,0.34104,-65880216.0,-3877986.76823,1.91323,23,,0.0,0.8384938533164741
"(1024, 512)",0.001,0.001,1576965,0.98202,0.7986,0.78348,0.03057,0.36807,0.59004,0.37202,-106745256.0,-6283455.64571,1.83511,22,,0.0,0.8381168006212086
"(1024, 512)",0.01,0.001,1576965,0.98206,0.79912,0.78897,0.03704,0.37011,0.59004,0.36321,-106167728.0,-6249343.30729,1.81958,22,,0.0,0.8375048127858817
"(1024, 512)",0.0001,0.001,1576965,0.98196,0.79862,0.783,0.03089,0.36552,0.59004,0.37153,-105466888.0,-6208285.15842,1.84605,22,,0.0,0.8362723937232429
"(512, 32)",0.0001,0.002,541381,0.98299,0.85063,0.8022,0.04942,0.33895,0.6092,0.37492,-69659216.0,-4100335.23136,1.85889,166,,0.0,0.8356609613222286
"(1024, 128)",1e-05,0.001,1181445,0.96829,0.81127,0.77156,0.03477,0.34866,0.62069,0.36728,-80960336.0,-4766255.31774,1.8953,83,,0.0,0.8347941403794809
"(512, 32)",0.001,0.002,541381,0.98223,0.84099,0.81851,0.03742,0.34125,0.58621,0.35106,-82971560.0,-4883700.6712,1.91713,112,,0.0,0.8346809314145076
"(1024, 128)",0.0001,0.001,1181445,0.97067,0.80968,0.77456,0.0365,0.35453,0.6092,0.35876,-76384528.0,-4497527.2775,1.89317,98,,0.0,0.8346091855176391
"(1024, 512)",1e-05,0.001,1576965,0.98199,0.79864,0.78331,0.03072,0.36373,0.58621,0.37038,-105786416.0,-6227091.97075,1.84367,22,,0.0,0.8341883764226071
"(512, 128)",0.01,0.002,591109,0.97712,0.82198,0.79563,0.04891,0.34789,0.61686,0.36389,-143849296.0,-8464826.71612,2.05397,98,,0.0,0.8335435199730765
"(256, 128, 64)",0.0001,0.002,303877,0.97502,0.82643,0.79435,0.03879,0.35223,0.57471,0.34085,-66182572.0,-3895823.62511,1.91454,23,,0.0,0.830631029831281
"(512, 64)",0.001,0.002,557957,0.97658,0.79636,0.7753,0.04158,0.34968,0.62835,0.41206,-71291752.0,-4196595.31866,1.95097,145,,0.0,0.8301313649466662
"(1024, 256, 1024)",0.0001,0.0005,1580293,0.97088,0.81097,0.80107,0.03423,0.34355,0.5977,0.35713,-116987392.0,-6884757.28548,1.85009,20,,0.0,0.8287223856511332
"(1024, 256, 1024)",1e-05,0.0005,1580293,0.97081,0.81053,0.8,0.03391,0.34176,0.60153,0.35818,-120343616.0,-7082173.95433,1.85616,20,,0.0,0.8284554318400539
"(1024, 256, 1024)",0.01,0.0005,1580293,0.97096,0.81199,0.80158,0.0339,0.34227,0.5977,0.36589,-116935888.0,-6881700.68554,1.85793,20,,0.0,0.8284222889268325
"(1024, 256, 1024)",1e-06,0.0005,1580293,0.97079,0.81045,0.80022,0.03383,0.33793,0.6092,0.36566,-120588688.0,-7096582.39446,1.85686,20,,0.0,0.8280549031068225
"(256, 128, 64)",0.001,0.002,303877,0.97523,0.82482,0.78962,0.03813,0.34687,0.57854,0.34152,-67433168.0,-3969398.78415,1.90658,23,,0.0,0.8273822032419293
"(1024, 256, 1024)",0.001,0.0005,1580293,0.97075,0.81046,0.80048,0.03398,0.34483,0.59004,0.35732,-118922584.0,-6998641.30446,1.85838,20,,0.0,0.8273659971605186
"(1024, 256)",0.01,0.001,1313285,0.98021,0.78731,0.78248,0.02525,0.34891,0.60153,0.36961,-171742032.0,-10106120.18537,1.95221,33,,0.0,0.8271166106945802
"(512, 32)",1e-06,0.002,541381,0.98168,0.84744,0.80418,0.05193,0.34355,0.57088,0.36361,-68078104.0,-4007441.25826,1.84521,167,,0.0,0.8264557176247762
"(512, 128)",1e-05,0.002,591109,0.97866,0.81801,0.7932,0.04467,0.33665,0.61686,0.36073,-93854864.0,-5524333.94565,2.11099,94,,0.0,0.8264199991758484
"(512, 32)",1e-05,0.002,541381,0.97984,0.83057,0.80579,0.05248,0.34023,0.59387,0.35781,-73097056.0,-4304040.50057,1.96962,125,,0.0,0.8248430356352323
"(1024, 64)",0.01,0.001,1115525,0.97992,0.81706,0.7748,0.0377,0.35198,0.57088,0.35981,-86806712.0,-5109293.09827,1.90467,110,,0.0,0.8245994660265457
"(1024, 64)",0.01,0.001,1115525,0.97992,0.81706,0.7748,0.0377,0.35198,0.57088,0.35981,-86806712.0,-5109293.09827,1.90467,110,,0.0,0.8245994660265457
"(1024, 256, 64)",0.001,0.0005,1328773,0.97674,0.80317,0.77809,0.02995,0.34176,0.5977,0.38106,-113575936.0,-6683523.82927,1.7966,118,,0.0,0.8241981426474216
"(1024, 32)",1e-06,0.001,1082565,0.96552,0.79073,0.77829,0.04347,0.35326,0.60536,0.38654,-101393904.0,-5966738.434,2.10035,65,,0.0,0.8239537513208126
"(256, 128, 64)",0.01,0.002,303877,0.97713,0.82865,0.80643,0.04872,0.34891,0.55939,0.33013,-58157304.0,-3423704.09445,1.91678,23,,0.0,0.8222462671078052
"(1024, 256)",0.001,0.001,1313285,0.97692,0.78214,0.78063,0.02535,0.34508,0.5977,0.35201,-146765984.0,-8637104.56914,1.95639,20,,0.0,0.8216285416800392
"(1024, 256)",0.0001,0.001,1313285,0.97686,0.78247,0.77653,0.02781,0.34815,0.59387,0.34768,-147567456.0,-8684195.28238,1.95732,20,,0.0,0.8212092103947191
"(1024, 128)",0.01,0.001,1181445,0.96784,0.79773,0.78707,0.03558,0.34202,0.59387,0.33939,-89282936.0,-5255930.71833,2.03588,63,,0.0,0.820169559896903
"(1024, 512, 128)",0.01,0.0005,1640709,0.97806,0.7947,0.78009,0.02319,0.34713,0.56705,0.32093,-98817296.0,-5818061.00706,2.11105,24,,0.0,0.8197256331485402
"(1024, 256)",1e-06,0.001,1313285,0.97687,0.78223,0.77718,0.028,0.34687,0.59004,0.34894,-148313856.0,-8728116.9522,1.95419,20,,0.0,0.8192578164023436
"(1024, 256)",1e-05,0.001,1313285,0.97687,0.78223,0.77701,0.02806,0.34687,0.59004,0.34894,-148327968.0,-8728947.49397,1.95411,20,,0.0,0.8192133900510947
"(1024, 64)",0.001,0.001,1115525,0.98025,0.81012,0.77265,0.02844,0.3484,0.55172,0.35356,-71390288.0,-4202571.5386,2.00733,104,,0.0,0.8184803266660844
"(1024, 64)",0.001,0.001,1115525,0.98025,0.81012,0.77265,0.02844,0.3484,0.55172,0.35356,-71390288.0,-4202571.5386,2.00733,104,,0.0,0.8184803266660844
"(1024, 512, 128)",1e-05,0.0005,1640709,0.97829,0.79546,0.77513,0.03029,0.34687,0.57471,0.32934,-103903376.0,-6117132.22746,2.11855,24,,0.0,0.8183148776080377
"(1024, 512, 128)",1e-06,0.0005,1640709,0.97825,0.79551,0.77518,0.0303,0.34636,0.57088,0.32353,-103081120.0,-6068751.6717,2.12241,24,,0.0,0.8169698785746746
"(1024, 32)",0.01,0.001,1082565,0.96368,0.77546,0.77445,0.04463,0.36194,0.57854,0.34549,-70020952.0,-4122544.57723,2.23029,53,,0.0,0.8164196722013431
"(1024, 64)",1e-06,0.001,1115525,0.97997,0.81111,0.76162,0.02988,0.34713,0.55172,0.35193,-92245872.0,-5429422.55816,2.01803,131,,0.0,0.8161330044876511
"(1024, 64)",1e-06,0.001,1115525,0.97997,0.81111,0.76162,0.02988,0.34713,0.55172,0.35193,-92245872.0,-5429422.55816,2.01803,131,,0.0,0.8161330044876511
"(512, 256)",0.01,0.002,657413,0.97694,0.80828,0.80075,0.02717,0.33436,0.56322,0.32031,-115301352.0,-6786608.07629,2.08616,23,,0.0,0.8155083893457549
"(1024, 512, 128)",0.0001,0.0005,1640709,0.9783,0.79527,0.77572,0.03038,0.34559,0.56322,0.32302,-101004424.0,-5946599.63236,2.12399,24,,0.0,0.8143544156345722
"(512, 256)",1e-05,0.002,657413,0.97689,0.8065,0.7866,0.03855,0.33206,0.59004,0.34624,-109524048.0,-6447017.06472,2.08286,23,,0.0,0.8142436502170642
"(512, 256)",1e-06,0.002,657413,0.97689,0.8065,0.78635,0.03896,0.33206,0.59004,0.34624,-109511232.0,-6446265.37274,2.083,23,,0.0,0.8140425172691295
"(1024, 32)",0.001,0.001,1082565,0.96843,0.7968,0.79588,0.04921,0.34483,0.58238,0.34622,-91668224.0,-5395364.06125,2.18576,70,,0.0,0.8138391297998218
"(512, 256)",0.001,0.002,657413,0.97692,0.80553,0.79631,0.03841,0.33461,0.57854,0.33601,-112565568.0,-6625894.9778,2.09876,23,,0.0,0.8136405624222718
"(1024, 512, 128)",0.001,0.0005,1640709,0.97826,0.79708,0.77628,0.03188,0.34432,0.55939,0.31345,-97890704.0,-5763464.26097,2.10839,24,,0.0,0.8125250366317811
"(1024, 32)",0.0001,0.001,1082565,0.97123,0.79428,0.78114,0.04929,0.34125,0.59387,0.34998,-89965024.0,-5294971.14958,2.14764,109,,0.0,0.8120731871976223
"(1024, 64)",0.0001,0.001,1115525,0.98015,0.8091,0.76384,0.0333,0.34457,0.54789,0.33766,-85429232.0,-5028474.2643,2.0008,84,,0.0,0.8115747265475196
"(1024, 64)",0.0001,0.001,1115525,0.98015,0.8091,0.76384,0.0333,0.34457,0.54789,0.33766,-85429232.0,-5028474.2643,2.0008,84,,0.0,0.8115747265475196
"(512, 256)",0.0001,0.002,657413,0.97682,0.8064,0.78877,0.0372,0.33359,0.57088,0.33574,-111799104.0,-6580728.97684,2.08511,23,,0.0,0.8108659987882822
"(512, 64)",0.0001,0.002,557957,0.97427,0.77331,0.76628,0.0346,0.32771,0.62835,0.41237,-78915960.0,-4644909.54969,2.02951,82,,0.0,0.8101151916246903
"(1024, 32)",1e-05,0.001,1082565,0.97164,0.79296,0.78894,0.04276,0.34764,0.55556,0.31239,-97702728.0,-5749820.91744,2.14655,77,,0.0,0.8091255590472947
"(1024, 256, 64)",1e-06,0.0005,1328773,0.97565,0.78115,0.77782,0.03023,0.33027,0.59387,0.36134,-119981416.0,-7060803.79267,1.89334,39,,0.0,0.8082421569877386
"(512, 128)",0.0001,0.002,591109,0.97742,0.79494,0.79428,0.03518,0.31392,0.6092,0.36372,-106609424.0,-6274523.81767,2.13559,26,,0.0,0.8060350884330195
"(1024, 256, 64)",1e-05,0.0005,1328773,0.9758,0.78115,0.77769,0.03,0.32797,0.58621,0.35692,-120811800.0,-7109609.50688,1.88875,59,,0.0,0.8047644529449501
"(512, 128)",0.001,0.002,591109,0.97691,0.80096,0.78468,0.04085,0.31239,0.61303,0.36618,-85022960.0,-5004691.51312,2.14195,58,,0.0,0.8045890667572042
"(1024, 64)",1e-05,0.001,1115525,0.97704,0.79981,0.76012,0.03796,0.33589,0.55939,0.35321,-82432760.0,-4852737.9082,1.98881,115,,0.0,0.8035521043975984
"(1024, 64)",1e-05,0.001,1115525,0.97704,0.79981,0.76012,0.03796,0.33589,0.55939,0.35321,-82432760.0,-4852737.9082,1.98881,115,,0.0,0.8035521043975984
"(1024, 512, 256)",1e-05,0.0005,1707013,0.98044,0.77885,0.77148,0.03868,0.33129,0.59004,0.36794,-121321256.0,-7140262.44,2.0764,25,,0.0,0.8028364424000154
"(512, 64)",0.01,0.002,557957,0.97144,0.77912,0.77465,0.0543,0.33231,0.60536,0.36989,-113592424.0,-6684677.11265,2.1284,78,,0.0,0.8014766131589893
"(1024, 256, 64)",0.0001,0.0005,1328773,0.97566,0.78139,0.77763,0.02995,0.32593,0.57854,0.34578,-129247384.0,-7605774.74962,1.88934,59,,0.0,0.801464851181481
"(1024, 512, 256)",0.0001,0.0005,1707013,0.98046,0.77949,0.77169,0.03889,0.32874,0.58621,0.36185,-121863024.0,-7172151.29851,2.07883,25,,0.0,0.800290661830588
"(512, 256, 128)",1e-05,0.001,689669,0.98618,0.80678,0.7764,0.04528,0.32771,0.55939,0.32151,-100800144.0,-5932836.78147,1.94881,30,,0.0,0.7992674945536411
"(512, 128, 512)",0.01,0.0005,659077,0.96991,0.77431,0.76879,0.04112,0.33308,0.58238,0.34336,-49113896.0,-2894572.46982,1.94742,23,,0.0,0.7991073487715371
"(512, 256, 128)",1e-06,0.001,689669,0.98618,0.80678,0.77697,0.04495,0.32695,0.55939,0.32178,-100581184.0,-5919958.81192,1.94847,30,,0.0,0.7989754725240014
"(1024, 512, 256)",0.01,0.0005,1707013,0.98043,0.77833,0.78837,0.05276,0.33001,0.59387,0.37516,-126261552.0,-7430755.07154,2.06843,25,,0.0,0.7988161561587634
"(512, 64)",1e-06,0.002,557957,0.97393,0.777,0.76921,0.04768,0.32848,0.5977,0.38003,-82606176.0,-4862061.38501,2.07413,82,,0.0,0.7984002108748597
"(512, 256, 128)",0.0001,0.001,689669,0.98636,0.80722,0.77791,0.04568,0.33052,0.54789,0.31026,-104192136.0,-6132349.24652,1.93554,30,,0.0,0.7981511719029182
"(512, 256, 128)",0.001,0.001,689669,0.98626,0.80715,0.77609,0.0459,0.33001,0.54789,0.31305,-100250192.0,-5900439.73167,1.93201,30,,0.0,0.7974982273033788
"(1024, 512, 256)",0.001,0.0005,1707013,0.98043,0.77889,0.77202,0.03835,0.32746,0.57854,0.35252,-123110032.0,-7245444.10811,2.07691,25,,0.0,0.7974590229613607
"(512, 128, 512)",1e-06,0.0005,659077,0.96997,0.77328,0.76885,0.04188,0.33384,0.57471,0.33791,-47787092.0,-2816705.15987,1.94873,20,,0.0,0.7968840142798307
"(1024, 512, 256)",1e-06,0.0005,1707013,0.98035,0.77878,0.77109,0.03898,0.32874,0.57471,0.34993,-122309992.0,-7198304.0303,2.08595,25,,0.0,0.7968559539034705
"(512, 256, 128)",0.01,0.001,689669,0.98649,0.80806,0.78918,0.05741,0.32644,0.56322,0.31552,-100781416.0,-5931754.71295,1.93864,30,,0.0,0.7962106147254391
"(512, 128, 512)",1e-05,0.0005,659077,0.96998,0.77346,0.76891,0.04182,0.33384,0.57088,0.33458,-48221324.0,-2842227.12349,1.94617,23,,0.0,0.795945115098111
"(512, 128, 512)",0.001,0.0005,659077,0.96448,0.77106,0.76805,0.04143,0.33257,0.57088,0.34028,-41825228.0,-2466108.41858,1.95455,20,,0.0,0.7943909818027475
"(512, 64)",1e-05,0.002,557957,0.97303,0.7708,0.76292,0.05758,0.33333,0.59387,0.3686,-91957424.0,-5412173.94478,2.11768,64,,0.0,0.7935936599322522
"(512, 128, 512)",0.0001,0.0005,659077,0.96998,0.77228,0.76861,0.04153,0.33282,0.56322,0.31968,-47788888.0,-2816776.89433,1.94844,23,,0.0,0.7929173577980848
"(1024, 32)",1e-06,0.0005,1082565,0.96727,0.76444,0.7573,0.03495,0.32286,0.58238,0.34459,-137206400.0,-8074773.80589,2.17135,84,,0.0,0.7904923524014974
"(1024, 32)",0.001,0.0005,1082565,0.96667,0.7561,0.74462,0.03372,0.31648,0.58621,0.33906,-147920272.0,-8705103.00873,2.24815,56,,0.0,0.7836984672471745
"(512, 256, 128, 64)",0.01,0.0005,697605,0.97739,0.79039,0.77515,0.04495,0.33052,0.51341,0.28696,-101403600.0,-5968464.746,2.15048,28,,0.0,0.7833013045683143
"(512,)",0.01,0.002,527365,0.97557,0.78939,0.66087,0.05889,0.33001,0.58238,0.35693,-85444408.0,-5030280.07966,1.82236,336,,0.0,0.7824703260193024
"(512, 256, 128, 64)",1e-05,0.0005,697605,0.97295,0.78848,0.77273,0.04655,0.32465,0.52874,0.30377,-100853392.0,-5936174.24463,2.16106,22,,0.0,0.7820208437321119
"(512, 256, 128, 64)",0.001,0.0005,697605,0.97786,0.78994,0.77286,0.04708,0.3249,0.52107,0.29463,-100950600.0,-5941738.86222,2.14222,31,,0.0,0.7803941612765413
"(512, 256, 128, 64)",0.0001,0.0005,697605,0.97635,0.78956,0.77291,0.04709,0.32593,0.51724,0.29414,-99904336.0,-5880297.93516,2.14558,22,,0.0,0.7799105809683371
"(512, 256, 128, 64)",1e-06,0.0005,697605,0.97298,0.78748,0.77279,0.04673,0.32286,0.52107,0.29601,-99148144.0,-5835854.7268,2.16306,22,,0.0,0.7783901943155549
"(1024, 32)",0.01,0.0005,1082565,0.9672,0.75674,0.75562,0.0469,0.31341,0.58621,0.34614,-154504160.0,-9092499.60603,2.21864,45,,0.0,0.7775828517897292
"(1024, 32)",1e-05,0.0005,1082565,0.96449,0.75535,0.75747,0.03363,0.31137,0.57088,0.33533,-154465824.0,-9090136.20236,2.27043,56,,0.0,0.7774767909126236
"(1024, 32)",0.0001,0.0005,1082565,0.96688,0.75631,0.74562,0.05264,0.31724,0.57088,0.33603,-149614640.0,-8804750.55725,2.25521,56,,0.0,0.7722657029798472
"(1024, 128)",0.01,0.0005,1181445,0.96223,0.76735,0.69801,0.05463,0.31469,0.52107,0.27938,-126705216.0,-7457880.94938,2.15558,130,,0.0,0.7546652371843469
"(256, 128, 64)",1e-05,0.001,303877,0.95316,0.7472,0.73754,0.04538,0.29272,0.56322,0.31285,-62841556.0,-3699494.32124,2.17345,19,,0.0,0.7533639785020843
"(256, 128, 64)",0.0001,0.001,303877,0.95325,0.74823,0.73773,0.04554,0.2917,0.55939,0.31024,-61823712.0,-3639551.53805,2.17989,19,,0.0,0.7519633511714867
"(256, 128, 64)",1e-06,0.001,303877,0.95316,0.74686,0.737,0.04621,0.29298,0.55556,0.30736,-62877684.0,-3701664.68588,2.17336,19,,0.0,0.7509488496703502
"(256, 128, 64)",0.001,0.001,303877,0.95336,0.74865,0.7379,0.04534,0.28914,0.55939,0.30867,-67003848.0,-3944425.85973,2.19031,19,,0.0,0.7505373230395302
"(256, 128, 64)",0.01,0.001,303877,0.95293,0.74866,0.7451,0.04664,0.28863,0.55172,0.30815,-72234264.0,-4251891.82399,2.20322,19,,0.0,0.7484048833816128
"(512, 32)",0.01,0.001,541381,0.97855,0.78608,0.74097,0.06762,0.29349,0.52107,0.28096,-138725536.0,-8165733.22206,2.30883,130,,0.0,0.7463918363306963
"(512, 256, 64)",1e-05,0.0005,672901,0.97846,0.74732,0.72545,0.04134,0.3014,0.50958,0.27143,-71890456.0,-4232614.80761,2.27589,21,,0.0,0.7449746650238285
"(512, 256, 64)",0.001,0.0005,672901,0.9785,0.74765,0.72616,0.04107,0.29834,0.51341,0.27696,-69983840.0,-4120433.59655,2.27295,26,,0.0,0.7443137252742621
"(512, 256, 64)",1e-06,0.0005,672901,0.97847,0.74741,0.72548,0.04134,0.29962,0.50958,0.27143,-72019184.0,-4240193.45742,2.27409,26,,0.0,0.743847660363919
"(512, 256, 64)",0.0001,0.0005,672901,0.9785,0.74683,0.7253,0.04111,0.29808,0.50958,0.27227,-71649016.0,-4218381.87223,2.28094,26,,0.0,0.7427288032872303
"(1024, 64)",0.01,0.0005,1115525,0.97296,0.74563,0.69994,0.05136,0.30524,0.51341,0.28079,-135699312.0,-7986276.14755,2.27577,31,,0.0,0.7408531203738697
"(1024, 64)",0.01,0.0005,1115525,0.97296,0.74563,0.69994,0.05136,0.30524,0.51341,0.28079,-135699312.0,-7986276.14755,2.27577,31,,0.0,0.7408531203738697
"(1024, 64)",1e-06,0.0005,1115525,0.97312,0.74483,0.69776,0.05135,0.30217,0.52107,0.2815,-137150768.0,-8071643.20245,2.28331,31,,0.0,0.7404077118684722
"(1024, 64)",1e-06,0.0005,1115525,0.97312,0.74483,0.69776,0.05135,0.30217,0.52107,0.2815,-137150768.0,-8071643.20245,2.28331,31,,0.0,0.7404077118684722
"(1024, 64)",1e-05,0.0005,1115525,0.97311,0.74484,0.69776,0.05135,0.30192,0.52107,0.2815,-137163856.0,-8072412.07821,2.28306,31,,0.0,0.7402480772976642
"(1024, 64)",1e-05,0.0005,1115525,0.97311,0.74484,0.69776,0.05135,0.30192,0.52107,0.2815,-137163856.0,-8072412.07821,2.28306,31,,0.0,0.7402480772976642
"(1024, 64)",0.001,0.0005,1115525,0.97229,0.74526,0.69946,0.05152,0.3037,0.51341,0.27863,-137228080.0,-8076200.61932,2.27575,31,,0.0,0.739605456836141
"(1024, 64)",0.001,0.0005,1115525,0.97229,0.74526,0.69946,0.05152,0.3037,0.51341,0.27863,-137228080.0,-8076200.61932,2.27575,31,,0.0,0.739605456836141
"(512, 256, 64)",0.01,0.0005,672901,0.97184,0.74327,0.74254,0.05246,0.29323,0.52107,0.28109,-74663984.0,-4395905.43056,2.31988,21,,0.0,0.7386281165338818
"(1024, 64)",0.0001,0.0005,1115525,0.97315,0.7445,0.69777,0.05137,0.3014,0.51341,0.27955,-135206416.0,-7957283.61456,2.2785,31,,0.0,0.737728226356308
"(1024, 64)",0.0001,0.0005,1115525,0.97315,0.7445,0.69777,0.05137,0.3014,0.51341,0.27955,-135206416.0,-7957283.61456,2.2785,31,,0.0,0.737728226356308
"(512, 32)",0.001,0.001,541381,0.97551,0.77663,0.73397,0.06256,0.28429,0.51724,0.26986,-142235856.0,-8371982.70569,2.40576,117,,0.0,0.7375862053157916
"(512, 32)",1e-06,0.001,541381,0.97622,0.77569,0.73077,0.07849,0.29298,0.51341,0.26443,-142647168.0,-8396544.86094,2.37549,107,,0.0,0.7348256793883303
"(512, 32)",1e-05,0.001,541381,0.97683,0.77884,0.72125,0.06785,0.29093,0.49808,0.25756,-141547408.0,-8331289.27567,2.39533,136,,0.0,0.7338280437648579
"(512, 32)",0.0001,0.001,541381,0.97641,0.77344,0.72937,0.07675,0.28966,0.51341,0.25694,-129701056.0,-7634522.86812,2.40328,108,,0.0,0.7324941315753877
"(512, 256, 128)",0.0001,0.0005,689669,0.97993,0.74564,0.70864,0.06348,0.28812,0.51724,0.28585,-141070752.0,-8302857.74122,2.08101,23,,0.0,0.7265909741576838
"(1024, 512, 256, 128)",0.01,0.0001,1739269,0.97469,0.71475,0.69709,0.04255,0.2871,0.52874,0.28619,-175207712.0,-10310102.66449,2.25013,35,,0.0,0.7263322799789693
"(512, 256, 128)",0.001,0.0005,689669,0.98009,0.74584,0.70819,0.06376,0.28889,0.51341,0.28207,-141126240.0,-8306121.90897,2.06377,23,,0.0,0.7259597561539397
"(1024, 512, 256, 128)",1e-05,0.0001,1739269,0.97467,0.71524,0.69687,0.0423,0.2871,0.5249,0.28712,-177436208.0,-10441251.27647,2.25142,35,,0.0,0.7255420160510379
"(1024, 256, 1024)",0.01,0.0001,1580293,0.96409,0.72714,0.7161,0.0508,0.29323,0.49808,0.27079,-132688168.0,-7808888.59577,2.1376,40,,0.0,0.7248330497215174
"(1024, 512, 256, 128)",0.0001,0.0001,1739269,0.97468,0.71484,0.69683,0.04258,0.28633,0.5249,0.28712,-176133040.0,-10364581.44883,2.25248,35,,0.0,0.7247850903495606
"(512, 256, 128)",0.01,0.0005,689669,0.97997,0.7466,0.71802,0.06276,0.28582,0.50958,0.28254,-139255584.0,-8196023.2023,2.07124,23,,0.0,0.7247064784348934
"(1024, 512, 256, 64)",0.001,0.0001,1722501,0.9667,0.73247,0.69754,0.04636,0.28557,0.50958,0.27914,-184916352.0,-10882120.66865,2.22561,42,,0.0,0.7244870696559487
"(1024, 512, 256, 64)",0.01,0.0001,1722501,0.96682,0.73414,0.69843,0.0462,0.28429,0.50958,0.2796,-184345424.0,-10848482.53479,2.21377,42,,0.0,0.724373058774724
"(1024, 512, 256, 128)",1e-06,0.0001,1739269,0.97467,0.71516,0.69691,0.04231,0.28685,0.52107,0.28527,-177648416.0,-10453734.89281,2.25231,29,,0.0,0.7243223289382514
"(1024, 512, 256, 128)",0.001,0.0001,1739269,0.97474,0.71439,0.69708,0.04262,0.28736,0.52107,0.28375,-176652352.0,-10395165.43138,2.2505,35,,0.0,0.7242881552281819
"(512, 256, 128)",1e-05,0.0005,689669,0.97994,0.74588,0.70855,0.0635,0.28761,0.50958,0.28083,-139673488.0,-8220678.5761,2.07523,23,,0.0,0.7242583676343806
"(1024, 512, 256, 64)",1e-06,0.0001,1722501,0.96668,0.73274,0.69771,0.04648,0.28633,0.50575,0.27489,-182691360.0,-10751197.50341,2.22242,42,,0.0,0.7240097011247624
"(512, 256, 128)",1e-06,0.0005,689669,0.97998,0.74569,0.70854,0.0635,0.28889,0.50575,0.27926,-140074256.0,-8244224.32752,2.07795,23,,0.0,0.7239980944477581
"(1024, 512, 256, 64)",1e-05,0.0001,1722501,0.9667,0.73283,0.69766,0.04652,0.28608,0.50575,0.27443,-182609744.0,-10746386.16766,2.22553,42,,0.0,0.7238540437627035
"(1024, 256, 1024)",1e-05,0.0001,1580293,0.96404,0.72699,0.71568,0.05082,0.29298,0.49425,0.26783,-133053552.0,-7830397.22471,2.13927,40,,0.0,0.7235342822810595
"(1024, 256, 1024)",1e-06,0.0001,1580293,0.96406,0.72696,0.71567,0.05079,0.29246,0.49425,0.26783,-132928272.0,-7823026.59928,2.13884,40,,0.0,0.7231969666748962
"(1024, 256, 1024)",0.0001,0.0001,1580293,0.96405,0.72709,0.71577,0.05078,0.29221,0.49425,0.26783,-132607872.0,-7804184.96415,2.13899,40,,0.0,0.723092506613416
"(1024, 256, 1024)",0.001,0.0001,1580293,0.96407,0.72674,0.71575,0.05079,0.29221,0.49425,0.26783,-132658672.0,-7807181.7354,2.14062,40,,0.0,0.7229701983279537
"(256, 64)",0.01,0.002,279173,0.9713,0.72436,0.76026,0.04654,0.27739,0.50575,0.28749,-172472416.0,-10152651.94223,2.54523,24,,0.0,0.7224129002262824
"(1024, 512, 256, 64)",0.0001,0.0001,1722501,0.96733,0.73268,0.69763,0.04641,0.28506,0.49808,0.27243,-182220064.0,-10723514.1651,2.21876,42,,0.0,0.7211188695568638
"(256, 64)",1e-05,0.002,279173,0.97283,0.72594,0.72767,0.04929,0.27458,0.51341,0.28428,-180433328.0,-10620774.27662,2.51649,28,,0.0,0.7183425399382741
"(256, 64)",1e-06,0.002,279173,0.97283,0.72593,0.72902,0.0502,0.27458,0.51341,0.28428,-180450592.0,-10621789.95507,2.51653,28,,0.0,0.7181068708815282
"(1024, 512)",0.01,0.0005,1576965,0.97466,0.72719,0.70971,0.0515,0.28352,0.49808,0.30396,-133272528.0,-7843394.56222,2.24094,21,,0.0,0.7175073422113
"(256, 128)",0.01,0.002,295941,0.96534,0.74391,0.78487,0.03253,0.25441,0.48659,0.26622,-92239936.0,-5430319.32422,2.44922,19,,0.0,0.7174285825588593
"(1024, 512)",0.001,0.0005,1576965,0.97466,0.72706,0.70904,0.05166,0.28327,0.49808,0.30305,-132120576.0,-7775607.51799,2.23488,21,,0.0,0.7171585536563891
"(256, 64)",0.0001,0.002,279173,0.9728,0.72649,0.73229,0.05289,0.27535,0.50958,0.28066,-181552288.0,-10686632.17297,2.51525,28,,0.0,0.7169956969955905
"(1024, 512)",0.0001,0.0005,1576965,0.97467,0.7269,0.70908,0.05164,0.28148,0.50192,0.30758,-132581584.0,-7802756.32307,2.22963,21,,0.0,0.716985083005068
"(512, 256)",0.01,0.001,657413,0.97151,0.72243,0.7274,0.04083,0.27637,0.49425,0.26856,-123075904.0,-7246912.60532,2.44181,27,,0.0,0.7167323031964504
"(512, 128)",0.01,0.001,591109,0.96956,0.72568,0.75201,0.05005,0.26973,0.50958,0.25302,-117722320.0,-6928510.39847,2.47273,35,,0.0,0.7164792415160475
"(1024, 512)",1e-05,0.0005,1576965,0.97468,0.72691,0.7091,0.0517,0.28225,0.49808,0.30305,-132625872.0,-7805365.07739,2.22958,21,,0.0,0.7164339555694956
"(1024, 512)",1e-06,0.0005,1576965,0.97467,0.72689,0.70913,0.05165,0.28174,0.49808,0.30305,-132533840.0,-7799952.49953,2.22978,21,,0.0,0.7161194033521852
"(1024, 256)",0.001,0.0005,1313285,0.9738,0.70509,0.69655,0.05038,0.27944,0.53257,0.27371,-133186136.0,-7840109.86875,2.26032,24,,0.0,0.7158076971771388
"(1024, 256)",0.0001,0.0005,1313285,0.97374,0.70518,0.69675,0.0505,0.28072,0.52874,0.26968,-131750488.0,-7755648.23055,2.26354,24,,0.0,0.7156130489508288
"(256, 64)",0.001,0.002,279173,0.97129,0.72487,0.7307,0.05148,0.27561,0.50192,0.27249,-181080864.0,-10659116.55607,2.52354,24,,0.0,0.7149843184022475
"(1024, 256)",1e-05,0.0005,1313285,0.97374,0.70519,0.69654,0.05031,0.28097,0.5249,0.26775,-131726992.0,-7754262.4662,2.26346,24,,0.0,0.714802663435007
"(1024, 256)",1e-06,0.0005,1313285,0.97374,0.70519,0.69654,0.05031,0.28097,0.5249,0.26775,-131726848.0,-7754254.00746,2.26346,24,,0.0,0.714802663435007
"(1024, 256)",0.01,0.0005,1313285,0.97371,0.70496,0.70724,0.04845,0.27969,0.51724,0.26497,-130719440.0,-7694987.04665,2.26245,24,,0.0,0.7138185906870411
"(512,)",1e-06,0.002,527365,0.9727,0.74757,0.59119,0.10849,0.30243,0.55172,0.32118,-98217456.0,-5782262.59092,2.15171,234,,0.0,0.7136395975467592
"(512, 128, 512)",0.01,0.0001,659077,0.96442,0.70858,0.70358,0.05365,0.28352,0.50958,0.26297,-66106260.0,-3895287.33106,2.26249,55,,0.0,0.7128460031652032
"(512, 128, 512)",0.001,0.0001,659077,0.96364,0.70803,0.70326,0.05353,0.28301,0.50958,0.26514,-65434252.0,-3855822.98244,2.26625,55,,0.0,0.7123462482180462
"(512, 128, 512)",1e-06,0.0001,659077,0.96366,0.70846,0.70326,0.05354,0.28404,0.50575,0.26206,-65188608.0,-3841350.78505,2.26652,53,,0.0,0.7121251368793622
"(1024, 128)",0.0001,0.0005,1181445,0.96046,0.72741,0.69737,0.05506,0.27791,0.50192,0.25086,-139692336.0,-8223076.28383,2.39427,32,,0.0,0.7120677380292709
"(512, 128, 512)",0.0001,0.0001,659077,0.96366,0.70842,0.70325,0.05359,0.28378,0.50575,0.26235,-65335424.0,-3850007.3408,2.26594,53,,0.0,0.7119202097937334
"(1024, 128)",1e-06,0.0005,1181445,0.96045,0.72738,0.69751,0.05508,0.27765,0.49808,0.24829,-140028064.0,-8242825.32535,2.39548,32,,0.0,0.7108624079271029
"(512, 128, 512)",1e-05,0.0001,659077,0.96396,0.70869,0.70323,0.05362,0.28352,0.50192,0.25891,-65538688.0,-3861939.08387,2.26762,53,,0.0,0.7107946618861907
"(1024, 128)",1e-05,0.0005,1181445,0.96045,0.72738,0.69724,0.05522,0.27765,0.49808,0.24829,-140029616.0,-8242916.52768,2.39548,32,,0.0,0.7107729804098479
"(512, 128)",0.001,0.001,591109,0.96959,0.72505,0.70168,0.05769,0.26871,0.52107,0.25688,-114716304.0,-6751698.45358,2.48903,35,,0.0,0.7098173344286611
"(1024, 128)",0.001,0.0005,1181445,0.96038,0.7272,0.69726,0.05533,0.27765,0.49425,0.24735,-139502032.0,-8211891.02457,2.40014,32,,0.0,0.7096386881057791
"(256, 128)",0.001,0.002,295941,0.965,0.743,0.75062,0.04253,0.25543,0.48276,0.25742,-91156976.0,-5366613.13373,2.4691,19,,0.0,0.7086924028562864
"(1024, 512, 256, 128, 64)",0.01,0.0001,1747205,0.97565,0.70618,0.71942,0.0382,0.27612,0.48276,0.27261,-136809952.0,-8050431.01727,2.2216,41,,0.0,0.7083126845976405
"(1024, 512, 256, 128, 64)",0.001,0.0001,1747205,0.97567,0.70502,0.71922,0.03823,0.27969,0.4751,0.27099,-141701552.0,-8338149.95202,2.21529,41,,0.0,0.7081593860533426
"(512, 128)",1e-05,0.001,591109,0.96953,0.7247,0.7014,0.05817,0.26769,0.51724,0.25528,-116445104.0,-6853387.27037,2.49237,25,,0.0,0.7077720943855552
"(1024, 512, 256, 128, 64)",1e-05,0.0001,1747205,0.97567,0.70652,0.71908,0.03836,0.27995,0.47126,0.26104,-139383728.0,-8201777.49961,2.20887,41,,0.0,0.7077214780331964
"(512, 128)",1e-06,0.001,591109,0.96953,0.72474,0.70138,0.05818,0.26743,0.51724,0.25528,-116461656.0,-6854359.67667,2.49206,25,,0.0,0.7076094032683168
"(1024, 512, 256, 128, 64)",1e-06,0.0001,1747205,0.97567,0.70646,0.71929,0.0381,0.27842,0.47126,0.26104,-139679200.0,-8219155.83849,2.20725,41,,0.0,0.7068377314493335
"(1024, 512, 256, 128, 64)",0.0001,0.0001,1747205,0.97556,0.70614,0.7193,0.03843,0.27995,0.46743,0.25862,-136024656.0,-8004232.27258,2.21233,41,,0.0,0.7065603478486625
"(512, 128)",0.0001,0.001,591109,0.96954,0.72441,0.70152,0.05763,0.26539,0.51724,0.25656,-116011288.0,-6827872.37132,2.49626,25,,0.0,0.7064184154901706
"(256, 128)",1e-06,0.002,295941,0.96503,0.74248,0.73667,0.05468,0.25517,0.49425,0.26641,-89850568.0,-5289876.03081,2.4612,19,,0.0,0.7047469636456627
"(256, 128)",1e-05,0.002,295941,0.96503,0.74248,0.73749,0.05578,0.25517,0.49425,0.26641,-89850456.0,-5289869.44051,2.46119,19,,0.0,0.7043748573125931
"(512, 256)",0.0001,0.001,657413,0.97147,0.72033,0.70363,0.05612,0.2751,0.48659,0.26167,-123342192.0,-7262768.90136,2.45912,24,,0.0,0.7040241980263622
"(256, 128)",0.0001,0.002,295941,0.965,0.74235,0.73794,0.05599,0.25619,0.49042,0.26421,-89938496.0,-5295065.22179,2.46238,19,,0.0,0.7039280421524272
"(512, 256)",1e-06,0.001,657413,0.97147,0.72032,0.70354,0.05606,0.27484,0.48659,0.26167,-124287720.0,-7318364.79918,2.45784,24,,0.0,0.703866635492826
"(512,)",0.0001,0.002,527365,0.97273,0.74534,0.59448,0.11277,0.29298,0.54406,0.29915,-110128128.0,-6482998.22613,2.14897,194,,0.0,0.7032444999221547
"(512, 256)",1e-05,0.001,657413,0.97147,0.72034,0.70354,0.05606,0.27458,0.48276,0.25983,-124131248.0,-7309158.00777,2.4574,24,,0.0,0.7026732533881204
"(512, 256)",0.001,0.001,657413,0.97153,0.72183,0.70428,0.05579,0.27101,0.48659,0.26434,-122421904.0,-7208687.46545,2.45273,27,,0.0,0.7020672064607977
"(512, 64)",0.001,0.001,557957,0.96576,0.71263,0.69039,0.05812,0.27586,0.49425,0.26342,-168411152.0,-9911246.61391,2.47533,27,,0.0,0.7017002203090335
"(256, 128, 64)",1e-05,0.0005,303877,0.9676,0.69874,0.67864,0.05143,0.27433,0.50192,0.26669,-89416632.0,-5262887.53743,2.47252,40,,0.0,0.6996726760148418
"(256, 128, 64)",1e-06,0.0005,303877,0.9676,0.69882,0.67865,0.0514,0.27458,0.49808,0.26492,-89200208.0,-5250156.63335,2.47268,40,,0.0,0.6988426530793449
"(512, 64)",0.0001,0.001,557957,0.96582,0.71007,0.69219,0.05987,0.27075,0.49425,0.25306,-168489744.0,-9916056.75398,2.52247,27,,0.0,0.696986038171001
"(512, 64)",1e-06,0.001,557957,0.96581,0.71022,0.68866,0.05782,0.26948,0.49425,0.25306,-168841712.0,-9936761.80426,2.52322,27,,0.0,0.6966764467123445
"(512, 64)",1e-05,0.001,557957,0.96581,0.71023,0.68883,0.05797,0.26948,0.49425,0.25306,-168757776.0,-9931823.55273,2.52345,27,,0.0,0.6966355527546426
"(256, 128, 64)",0.001,0.0005,303877,0.9671,0.69776,0.68004,0.05164,0.27152,0.49808,0.27087,-89147440.0,-5247049.15621,2.46843,40,,0.0,0.6965522917851484
"(256, 128, 64)",0.01,0.0005,303877,0.96762,0.69972,0.68169,0.05176,0.26948,0.49425,0.26902,-86925272.0,-5116310.05466,2.45697,40,,0.0,0.6949756031935558
"(256, 128, 64)",0.0001,0.0005,303877,0.96701,0.69704,0.67879,0.05164,0.27101,0.49425,0.26309,-89962840.0,-5295027.63674,2.47247,35,,0.0,0.6948105790126906
"(1024,)",0.01,0.002,1054725,0.95899,0.67417,0.72432,0.05235,0.27152,0.49042,0.24173,-165858816.0,-9762420.08156,2.48948,36,,0.0,0.6913598159464986
"(1024,)",0.001,0.002,1054725,0.95892,0.67352,0.70508,0.04634,0.27254,0.48276,0.23349,-166507904.0,-9800620.51383,2.48599,36,,0.0,0.6901228597973362
"(512, 64)",0.01,0.001,557957,0.96576,0.71231,0.70871,0.07303,0.2705,0.47893,0.25463,-168045168.0,-9889977.15307,2.50417,27,,0.0,0.6897445745904628
"(1024,)",1e-05,0.002,1054725,0.95891,0.67356,0.69878,0.04701,0.26999,0.49042,0.24039,-165595216.0,-9746943.04409,2.49208,36,,0.0,0.6895444211805386
"(1024,)",1e-06,0.002,1054725,0.95896,0.67365,0.7028,0.05066,0.27024,0.48659,0.23754,-166882608.0,-9822657.43853,2.4888,36,,0.0,0.6876178803497048
"(1024,)",0.0001,0.002,1054725,0.95892,0.6735,0.70508,0.05214,0.26999,0.48659,0.24145,-165717136.0,-9754117.43871,2.49159,36,,0.0,0.6870368709290599
"(512, 32)",0.01,0.0005,541381,0.97069,0.71989,0.67097,0.05664,0.25619,0.45594,0.23933,-151093520.0,-8895512.6723,2.85618,168,,0.0,0.6794168757478851
"(1024, 512, 128)",0.0001,0.0001,1640709,0.96708,0.68202,0.64998,0.04998,0.26309,0.45594,0.2382,-138653568.0,-8162858.75997,2.68254,35,,0.0,0.671832333306636
"(1024, 512, 128)",0.01,0.0001,1640709,0.96703,0.68253,0.65051,0.04997,0.26386,0.45211,0.23462,-141234464.0,-8314678.80508,2.68159,35,,0.0,0.6715362365715415
"(512, 256, 128, 64)",0.01,0.0001,697605,0.96993,0.70152,0.67392,0.07021,0.26309,0.45211,0.22036,-87762304.0,-5166839.70822,2.56322,81,,0.0,0.671407949195119
"(512, 256, 128, 64)",0.0001,0.0001,697605,0.96973,0.70035,0.67222,0.07028,0.26232,0.45594,0.22226,-89535232.0,-5271164.5619,2.56708,79,,0.0,0.6713288043575956
"(1024, 256, 64)",0.001,0.0001,1328773,0.96543,0.65685,0.65943,0.04993,0.26437,0.4751,0.24302,-127513960.0,-7506440.01404,2.56993,64,,0.0,0.6705744523911176
"(512, 256, 128, 64)",1e-05,0.0001,697605,0.96973,0.70041,0.67237,0.07041,0.26105,0.45594,0.22151,-90125968.0,-5305898.94735,2.56726,77,,0.0,0.6704828954889991
"(1024, 512, 128)",1e-05,0.0001,1640709,0.96598,0.68123,0.64988,0.05014,0.26105,0.45594,0.24064,-140563680.0,-8275217.23666,2.68172,35,,0.0,0.6701624746796317
"(1024, 512, 128)",1e-06,0.0001,1640709,0.96598,0.68117,0.64993,0.05001,0.26028,0.45594,0.24,-140199008.0,-8253768.17791,2.68183,35,,0.0,0.66970123279073
"(1024, 512, 128)",0.001,0.0001,1640709,0.96595,0.6811,0.64977,0.05001,0.26028,0.45594,0.24,-141237552.0,-8314844.69627,2.68086,35,,0.0,0.6696600849726405
"(1024, 256, 64)",1e-06,0.0001,1328773,0.96543,0.65671,0.6595,0.04997,0.26284,0.4751,0.24302,-128316696.0,-7553651.77588,2.56942,63,,0.0,0.669521881401242
"(1024, 256, 64)",0.0001,0.0001,1328773,0.96544,0.65687,0.65949,0.04995,0.26258,0.4751,0.24455,-128285992.0,-7551834.29954,2.56852,63,,0.0,0.6694126921393002
"(1024, 256, 64)",1e-05,0.0001,1328773,0.96544,0.65681,0.65956,0.04995,0.26232,0.4751,0.24302,-128354880.0,-7555891.868,2.56879,63,,0.0,0.6692312378696769
"(1024, 256, 64)",0.01,0.0001,1328773,0.96546,0.65766,0.66003,0.05021,0.26284,0.47126,0.24299,-127098520.0,-7481993.90879,2.56752,64,,0.0,0.6687613414452999
"(512, 256, 128, 64)",0.001,0.0001,697605,0.96971,0.70076,0.67279,0.07036,0.26284,0.44444,0.2167,-89765648.0,-5284695.02913,2.56496,77,,0.0,0.6687394070500172
"(512, 256, 128, 64)",1e-06,0.0001,697605,0.96973,0.69973,0.67224,0.07067,0.26079,0.44828,0.21598,-90309840.0,-5316722.55077,2.57046,79,,0.0,0.6679029522515523
"(512,)",1e-05,0.002,527365,0.96771,0.69756,0.59337,0.11132,0.26488,0.5249,0.29578,-132804008.0,-7817463.45847,2.46069,116,,0.0,0.6644475466884029
"(256, 128)",0.01,0.001,295941,0.96453,0.66186,0.72925,0.05991,0.2401,0.4636,0.22392,-101117888.0,-5952739.44632,2.61199,24,,0.0,0.6569535595381006
"(1024, 512, 256)",0.0001,0.0001,1707013,0.97095,0.66097,0.66171,0.05669,0.24623,0.45594,0.23416,-161348544.0,-9496745.90967,2.58911,34,,0.0,0.6523626009807313
"(1024, 512, 256)",1e-06,0.0001,1707013,0.97093,0.66092,0.66166,0.05667,0.24598,0.45594,0.23416,-161810976.0,-9523942.01807,2.58803,34,,0.0,0.6521859303496546
"(1024, 512, 256)",1e-05,0.0001,1707013,0.97092,0.66088,0.66165,0.05667,0.24598,0.45594,0.23416,-161885744.0,-9528341.38778,2.58828,34,,0.0,0.6521715677193843
"(1024, 512, 256)",0.001,0.0001,1707013,0.97095,0.66155,0.66168,0.05678,0.24547,0.45594,0.23416,-161327648.0,-9495503.26458,2.58857,34,,0.0,0.652017858811807
"(1024, 512, 256)",0.01,0.0001,1707013,0.97094,0.66104,0.66208,0.05659,0.24521,0.45594,0.23668,-161076880.0,-9480784.2251,2.58755,34,,0.0,0.6518047392759879
"(256, 128)",0.001,0.001,295941,0.96458,0.66217,0.64074,0.06357,0.24087,0.4751,0.22609,-101256536.0,-5960930.22762,2.62201,24,,0.0,0.6491614705889207
"(256, 128)",0.0001,0.001,295941,0.96021,0.66109,0.6405,0.06404,0.24317,0.47126,0.2283,-102357040.0,-6025594.28879,2.66087,20,,0.0,0.649044545642432
"(256, 128)",1e-06,0.001,295941,0.96459,0.66061,0.64065,0.06373,0.24138,0.47126,0.22368,-103089016.0,-6068753.83992,2.62359,24,,0.0,0.6478666885677277
"(256, 128)",1e-05,0.001,295941,0.96459,0.66061,0.64065,0.06373,0.24138,0.47126,0.22368,-103089040.0,-6068755.24578,2.62359,24,,0.0,0.6478666885677277
"(1024, 512)",0.01,0.0001,1576965,0.96551,0.64405,0.60718,0.0641,0.24879,0.4636,0.23672,-160528480.0,-9447895.16366,2.63111,43,,0.0,0.6412370789058398
"(1024, 512)",0.0001,0.0001,1576965,0.96547,0.64368,0.60665,0.06427,0.24853,0.4636,0.23736,-160595216.0,-9451829.37878,2.63179,43,,0.0,0.6408138510076411
"(1024, 512)",1e-06,0.0001,1576965,0.96548,0.64364,0.60667,0.06427,0.24802,0.4636,0.23736,-160545312.0,-9448897.98121,2.63299,43,,0.0,0.640470453219208
"(1024, 512)",1e-05,0.0001,1576965,0.96549,0.64371,0.60667,0.06428,0.24751,0.4636,0.23736,-160676000.0,-9456576.48705,2.63172,43,,0.0,0.6401569944478878
"(1024, 512)",0.001,0.0001,1576965,0.96547,0.6437,0.60675,0.06425,0.24725,0.4636,0.23672,-160634480.0,-9454132.47725,2.63095,43,,0.0,0.6400058739657779
"(1024, 32)",0.001,0.0001,1082565,0.95668,0.65714,0.6198,0.08063,0.24112,0.4751,0.23574,-245537376.0,-14448316.35041,2.74734,88,,0.0,0.6381063888506658
"(256, 128, 64)",0.01,0.0001,303877,0.96199,0.64643,0.60514,0.06844,0.24342,0.4636,0.2559,-99112360.0,-5834148.60629,2.75745,148,,0.0,0.6364638205952429
"(1024, 32)",0.01,0.0001,1082565,0.95672,0.65759,0.62063,0.08044,0.2424,0.4636,0.2309,-245274240.0,-14432843.14111,2.74546,88,,0.0,0.6361687510888018
"(256, 128, 64)",1e-05,0.0001,303877,0.96184,0.64509,0.60446,0.06842,0.24419,0.45977,0.2565,-97114712.0,-5716624.3696,2.76225,143,,0.0,0.6354236735419466
"(1024, 32)",1e-06,0.0001,1082565,0.95689,0.65735,0.61981,0.08079,0.24087,0.4636,0.23349,-245848672.0,-14466614.01981,2.74651,100,,0.0,0.6348522356876571
"(1024, 32)",0.0001,0.0001,1082565,0.95664,0.65657,0.61982,0.08074,0.24215,0.45977,0.22903,-244758144.0,-14402512.01969,2.75078,88,,0.0,0.6344200386444412
"(1024, 32)",1e-05,0.0001,1082565,0.95665,0.65662,0.61973,0.08089,0.24215,0.45977,0.22814,-244669520.0,-14397292.53285,2.75152,88,,0.0,0.6343631664883679
"(256, 128, 64)",0.001,0.0001,303877,0.96185,0.64563,0.60513,0.06845,0.24368,0.45594,0.25194,-97815896.0,-5757903.4093,2.75832,140,,0.0,0.6343020815599858
"(512, 128)",0.001,0.0005,591109,0.96085,0.64743,0.61027,0.07765,0.2304,0.49808,0.24503,-137597728.0,-8098207.70063,2.77984,25,,0.0,0.6342756159274527
"(256, 128, 64)",0.0001,0.0001,303877,0.96186,0.64497,0.60466,0.06872,0.24419,0.45594,0.25594,-97580712.0,-5744040.56634,2.76389,143,,0.0,0.634249277723383
"(512, 128)",1e-06,0.0005,591109,0.95491,0.64423,0.61006,0.07771,0.2304,0.50192,0.2442,-140497520.0,-8268800.7718,2.787,21,,0.0,0.6342008131582353
"(256, 128, 64)",1e-06,0.0001,303877,0.96152,0.64478,0.6046,0.06859,0.24368,0.45594,0.25594,-98482416.0,-5797104.17289,2.76763,124,,0.0,0.6339021104111165
"(512, 128)",1e-05,0.0005,591109,0.95491,0.64423,0.61011,0.07766,0.22989,0.50192,0.24542,-140508560.0,-8269447.03737,2.78696,21,,0.0,0.6338951278576511
"(512, 128)",0.0001,0.0005,591109,0.95491,0.64423,0.61015,0.07768,0.22937,0.50192,0.24542,-140369136.0,-8261247.54079,2.7871,21,,0.0,0.6335522577065753
"(512, 32)",1e-06,0.0005,541381,0.96537,0.67153,0.64413,0.05839,0.22963,0.42146,0.19479,-149922800.0,-8826944.86983,3.11376,47,,0.0,0.6330676159567494
"(512, 128)",0.01,0.0005,591109,0.96079,0.64796,0.61167,0.07771,0.23142,0.48276,0.23699,-137981232.0,-8120771.50488,2.77742,25,,0.0,0.63112568602483
"(512, 256, 64)",0.001,0.0001,672901,0.97082,0.65301,0.63033,0.056,0.2304,0.42912,0.21154,-116577200.0,-6862520.58058,2.81562,56,,0.0,0.6289588952864575
"(512, 256, 64)",1e-06,0.0001,672901,0.97024,0.65282,0.63013,0.05621,0.23065,0.42912,0.2141,-116023792.0,-6829936.34024,2.81978,58,,0.0,0.6289478501050207
"(512, 32)",0.001,0.0005,541381,0.96532,0.67123,0.64817,0.06494,0.23244,0.40613,0.18909,-151628912.0,-8927254.02731,3.10805,48,,0.0,0.62836454522674
"(512, 256, 64)",0.0001,0.0001,672901,0.97024,0.65283,0.63005,0.05625,0.23014,0.42529,0.21378,-116185344.0,-6839442.9726,2.82063,60,,0.0,0.6275623421953834
"(128,)",0.01,0.002,131845,0.97321,0.73729,0.56781,0.23694,0.26999,0.53257,0.29785,-89194960.0,-5249951.37924,2.4505,313,,0.0,0.6271015243698901
"(512, 256)",0.0001,0.0005,657413,0.96459,0.637,0.61449,0.0711,0.24317,0.44061,0.20449,-205466592.0,-12094328.01566,2.77188,23,,0.0,0.626921923552476
"(512, 256)",1e-05,0.0005,657413,0.96459,0.63699,0.61449,0.07112,0.24317,0.44061,0.20449,-205523360.0,-12097665.44476,2.77166,23,,0.0,0.6269101728729908
"(512, 256, 64)",0.01,0.0001,672901,0.97018,0.65303,0.63063,0.05606,0.22861,0.42529,0.2111,-115715352.0,-6811798.70449,2.82196,60,,0.0,0.6267766832629917
"(512, 256)",1e-06,0.0005,657413,0.96459,0.63698,0.61449,0.07112,0.24291,0.44061,0.20449,-205576816.0,-12100810.48376,2.77143,23,,0.0,0.6267374010824537
"(512, 32)",0.0001,0.0005,541381,0.96533,0.6711,0.63428,0.0738,0.23091,0.42146,0.19479,-149710400.0,-8814455.76011,3.11524,51,,0.0,0.626148938011909
"(512, 256)",0.001,0.0005,657413,0.96551,0.63732,0.61513,0.07186,0.24061,0.44444,0.21254,-200532336.0,-11804080.62864,2.77641,23,,0.0,0.6261409873186534
"(512, 256, 64)",1e-05,0.0001,672901,0.97085,0.65288,0.63011,0.0562,0.22937,0.42146,0.20859,-116483200.0,-6856947.07624,2.81591,56,,0.0,0.6260743276963947
"(512, 32)",1e-05,0.0005,541381,0.96533,0.67109,0.6343,0.0736,0.23065,0.42146,0.19479,-149729024.0,-8815552.14563,3.11529,51,,0.0,0.6260628232453217
"(1024, 64)",0.01,0.0001,1115525,0.95832,0.6332,0.58713,0.077,0.23729,0.44444,0.20564,-149996256.0,-8828144.6599,2.90851,48,,0.0,0.6172976989375347
"(1024, 64)",0.01,0.0001,1115525,0.95832,0.6332,0.58713,0.077,0.23729,0.44444,0.20564,-149996256.0,-8828144.6599,2.90851,48,,0.0,0.6172976989375347
"(512, 256)",0.01,0.0005,657413,0.9655,0.63731,0.63163,0.0911,0.24215,0.42912,0.20333,-199529824.0,-11745097.31341,2.77791,23,,0.0,0.6167532190499875
"(1024,)",0.01,0.001,1054725,0.95084,0.60357,0.60662,0.03705,0.22529,0.43678,0.20216,-282614400.0,-16631716.20502,3.15748,35,,0.0,0.6166595486735884
"(1024, 64)",0.001,0.0001,1115525,0.95957,0.63319,0.58635,0.07724,0.23755,0.44061,0.20975,-148826160.0,-8759353.98015,2.90625,48,,0.0,0.6162443690451216
"(1024, 64)",0.001,0.0001,1115525,0.95957,0.63319,0.58635,0.07724,0.23755,0.44061,0.20975,-148826160.0,-8759353.98015,2.90625,48,,0.0,0.6162443690451216
"(1024,)",0.0001,0.001,1054725,0.9508,0.60257,0.60394,0.03798,0.22529,0.43678,0.20002,-280701024.0,-16519188.92449,3.15965,35,,0.0,0.6156349110275556
"(1024,)",1e-05,0.001,1054725,0.95079,0.60244,0.60311,0.03891,0.22554,0.43678,0.20002,-280890144.0,-16530320.60776,3.15997,35,,0.0,0.6152690545245202
"(1024,)",1e-06,0.001,1054725,0.95079,0.60246,0.60318,0.03885,0.22529,0.43678,0.20002,-280812864.0,-16525777.25209,3.15994,35,,0.0,0.6151459186849887
"(1024,)",0.001,0.001,1054725,0.9508,0.60283,0.60353,0.03916,0.2258,0.43295,0.19927,-280738144.0,-16521354.97652,3.16029,35,,0.0,0.6144787412404064
"(1024, 64)",1e-05,0.0001,1115525,0.9582,0.63204,0.58629,0.07714,0.23525,0.43678,0.20622,-151368432.0,-8908894.50642,2.90857,48,,0.0,0.6133695861618753
"(1024, 64)",1e-05,0.0001,1115525,0.9582,0.63204,0.58629,0.07714,0.23525,0.43678,0.20622,-151368432.0,-8908894.50642,2.90857,48,,0.0,0.6133695861618753
"(1024, 64)",1e-06,0.0001,1115525,0.95826,0.63192,0.58636,0.07719,0.23576,0.43295,0.2014,-151730208.0,-8930177.60299,2.90894,48,,0.0,0.6126185001014852
"(1024, 64)",1e-06,0.0001,1115525,0.95826,0.63192,0.58636,0.07719,0.23576,0.43295,0.2014,-151730208.0,-8930177.60299,2.90894,48,,0.0,0.6126185001014852
"(1024, 64)",0.0001,0.0001,1115525,0.95827,0.63188,0.58638,0.07717,0.23448,0.43295,0.2014,-152053840.0,-8949215.97133,2.90946,48,,0.0,0.6117816748406548
"(1024, 64)",0.0001,0.0001,1115525,0.95827,0.63188,0.58638,0.07717,0.23448,0.43295,0.2014,-152053840.0,-8949215.97133,2.90946,48,,0.0,0.6117816748406548
"(512, 256, 128)",0.001,0.0001,689669,0.96901,0.64111,0.61647,0.08256,0.23321,0.4023,0.21893,-202134544.0,-11896655.15588,2.51927,44,,0.0,0.6068682657347263
"(512, 256, 128)",0.0001,0.0001,689669,0.96901,0.64128,0.61641,0.08251,0.23295,0.4023,0.21893,-201847888.0,-11879801.58802,2.51741,43,,0.0,0.6067694289580571
"(512, 256, 128)",1e-05,0.0001,689669,0.96902,0.64123,0.61639,0.08251,0.23295,0.4023,0.21893,-202270000.0,-11904634.97847,2.51828,44,,0.0,0.6067506328694238
"(512, 256, 128)",1e-06,0.0001,689669,0.96901,0.64119,0.61639,0.08252,0.23295,0.4023,0.21893,-202288096.0,-11905691.03003,2.51776,44,,0.0,0.6067331734957896
"(128,)",0.01,0.001,131845,0.97099,0.7138,0.36562,0.1738,0.26028,0.49425,0.25884,-107482344.0,-6325798.14798,2.64502,501,,0.0,0.6066147609389663
"(512, 256, 128)",0.01,0.0001,689669,0.96901,0.64158,0.61706,0.08227,0.23346,0.39847,0.2146,-201812096.0,-11877636.71332,2.51714,44,,0.0,0.6063449217542104
"(256, 64)",1e-06,0.001,279173,0.96283,0.62056,0.60788,0.07459,0.23397,0.41379,0.22201,-211932080.0,-12474348.13473,3.01041,29,,0.0,0.6060521850213638
"(256, 64)",1e-05,0.001,279173,0.96283,0.62056,0.60788,0.07459,0.23397,0.41379,0.22201,-211931680.0,-12474324.59285,3.0104,29,,0.0,0.6060521850213638
"(256, 64)",0.0001,0.001,279173,0.96283,0.62056,0.6079,0.07464,0.23372,0.41379,0.22201,-211822752.0,-12467917.43359,3.01064,29,,0.0,0.6058703858065847
"(256, 64)",0.01,0.001,279173,0.96295,0.62076,0.60833,0.07481,0.23321,0.40996,0.21857,-210937376.0,-12415771.35032,3.01433,29,,0.0,0.6045502068956048
"(256, 64)",0.001,0.001,279173,0.96283,0.62045,0.60767,0.07464,0.23269,0.4023,0.21838,-211303936.0,-12437460.25354,3.00489,29,,0.0,0.6020451839991519
"(512,)",0.001,0.002,527365,0.95652,0.60408,0.61331,0.11121,0.2304,0.44828,0.20535,-186883984.0,-10999734.98742,2.85449,34,,0.0,0.5927059503988391
"(256, 128)",0.0001,0.0005,295941,0.9587,0.6073,0.56445,0.08199,0.22708,0.42146,0.18717,-122653672.0,-7220323.97882,2.87293,36,,0.0,0.5912329839354309
"(256, 128)",1e-06,0.0005,295941,0.95874,0.60755,0.56455,0.08195,0.2281,0.41762,0.18953,-124220400.0,-7312462.65574,2.87221,38,,0.0,0.5909754288226261
"(256, 128)",1e-05,0.0005,295941,0.95874,0.60755,0.56446,0.08208,0.2281,0.41762,0.18953,-124223720.0,-7312657.98823,2.87218,38,,0.0,0.5909104490022238
"(256, 128)",0.001,0.0005,295941,0.95867,0.60766,0.5644,0.0818,0.22708,0.41762,0.1898,-122583208.0,-7216179.03821,2.87357,38,,0.0,0.590393474214054
"(256, 128)",0.01,0.0005,295941,0.95875,0.60728,0.66659,0.11179,0.22835,0.41762,0.18713,-127072424.0,-7480192.31448,2.85801,49,,0.0,0.5899216906979126
"(512, 64)",0.001,0.0005,557957,0.9593,0.61175,0.5879,0.0853,0.21992,0.42146,0.18651,-124941632.0,-7359306.6041,3.04018,28,,0.0,0.5892772655155591
"(512, 64)",1e-05,0.0005,557957,0.95926,0.61178,0.58789,0.08515,0.2189,0.41762,0.18657,-124598064.0,-7339100.24745,3.04193,28,,0.0,0.587651335207058
"(512, 64)",0.0001,0.0005,557957,0.95926,0.61178,0.5879,0.08516,0.2189,0.41762,0.18657,-124602496.0,-7339360.71716,3.0419,28,,0.0,0.5876482384636942
"(512, 64)",1e-06,0.0005,557957,0.95926,0.61177,0.58791,0.08517,0.21839,0.41762,0.18657,-124759552.0,-7348598.88649,3.04197,28,,0.0,0.587309425635016
"(1024, 256)",0.01,0.0001,1313285,0.96165,0.58308,0.57029,0.0741,0.22835,0.41379,0.19277,-198696032.0,-11694061.20273,2.98316,55,,0.0,0.5859670376614634
"(1024, 256)",1e-05,0.0001,1313285,0.96159,0.58215,0.56944,0.07446,0.22759,0.41379,0.19277,-197961680.0,-11650857.09425,2.98739,51,,0.0,0.5849164280534292
"(1024, 256)",0.0001,0.0001,1313285,0.96159,0.58215,0.56945,0.07445,0.22759,0.40996,0.19073,-197966816.0,-11651159.01539,2.98736,51,,0.0,0.5838912327795058
"(1024, 256)",1e-06,0.0001,1313285,0.96159,0.58214,0.56944,0.07447,0.22759,0.40996,0.19073,-197958432.0,-11650665.55304,2.98736,51,,0.0,0.5838783583656265
"(1024, 256)",0.001,0.0001,1313285,0.96158,0.58232,0.56955,0.07435,0.2281,0.40613,0.18796,-198040832.0,-11655510.42724,2.98542,49,,0.0,0.5833028070837711
"(512, 64)",0.01,0.0005,557957,0.95932,0.61242,0.61043,0.11412,0.22095,0.42529,0.18898,-124228432.0,-7317352.49534,3.0359,28,,0.0,0.5815692436932421
"(512, 32)",1e-06,0.0001,541381,0.95452,0.58755,0.53473,0.08799,0.21814,0.42146,0.17515,-205743888.0,-12110187.96196,3.35519,114,,0.0,0.5729973658411565
"(512, 32)",0.01,0.0001,541381,0.95463,0.58845,0.53555,0.08806,0.2189,0.41379,0.17248,-205147296.0,-12075073.94541,3.35214,114,,0.0,0.5717894248547332
"(512, 32)",1e-05,0.0001,541381,0.95433,0.58778,0.535,0.08783,0.21737,0.41379,0.17153,-205917008.0,-12120362.51667,3.35301,104,,0.0,0.5706057198615313
"(512, 32)",0.001,0.0001,541381,0.95456,0.58725,0.53485,0.0879,0.21737,0.41379,0.17016,-206296608.0,-12142729.26846,3.35663,114,,0.0,0.5703839051309545
"(512, 32)",0.0001,0.0001,541381,0.95453,0.58752,0.53463,0.08828,0.21839,0.40996,0.17032,-205477712.0,-12094537.28703,3.35606,114,,0.0,0.5699224406032548
"(1024,)",0.001,0.0005,1054725,0.94707,0.56558,0.52819,0.09151,0.22631,0.41762,0.18228,-293736032.0,-17286359.64649,3.3502,22,,0.0,0.5677971611802265
"(1024,)",0.0001,0.0005,1054725,0.94707,0.56554,0.52817,0.09151,0.22631,0.41762,0.18228,-293745856.0,-17286938.65223,3.3502,22,,0.0,0.5677816748155621
"(1024,)",0.01,0.0005,1054725,0.94706,0.56581,0.5291,0.09229,0.22631,0.41762,0.18228,-293581376.0,-17277256.53646,3.34803,22,,0.0,0.5676463473962502
"(1024,)",1e-05,0.0005,1054725,0.94706,0.56552,0.52816,0.09152,0.2258,0.41762,0.18228,-293757792.0,-17287640.99319,3.35017,22,,0.0,0.5674373047941266
"(1024,)",1e-06,0.0005,1054725,0.94706,0.56552,0.52816,0.09152,0.2258,0.41762,0.18228,-293756224.0,-17287548.87194,3.35015,22,,0.0,0.5674373047941266
"(1024, 128)",0.01,0.0001,1181445,0.94565,0.60577,0.55547,0.08502,0.21354,0.35249,0.16332,-112691504.0,-6634711.37426,3.08468,57,,0.0,0.56105583205619
"(1024, 128)",1e-06,0.0001,1181445,0.94559,0.60487,0.55474,0.08509,0.21354,0.35249,0.1645,-112651696.0,-6632341.06043,3.09094,52,,0.0,0.5606463809438995
"(1024, 128)",1e-05,0.0001,1181445,0.94559,0.60488,0.55474,0.08509,0.21328,0.35249,0.1645,-112640208.0,-6631664.39988,3.09086,52,,0.0,0.5604802286013003
"(1024, 128)",0.0001,0.0001,1181445,0.94559,0.60486,0.55475,0.08512,0.21328,0.35249,0.1645,-112633040.0,-6631242.72053,3.09118,52,,0.0,0.5604620714544821
"(1024, 128)",0.001,0.0001,1181445,0.9456,0.60495,0.55481,0.08498,0.21303,0.35249,0.1645,-112681200.0,-6634071.94756,3.09108,52,,0.0,0.5603947437704042
"(512, 256)",0.01,0.0001,657413,0.95828,0.56482,0.53038,0.08764,0.21865,0.4023,0.18766,-224567072.0,-13219564.24322,3.26702,67,,0.0,0.5603102737470025
"(512, 256)",1e-05,0.0001,657413,0.9582,0.56432,0.5296,0.08785,0.21814,0.4023,0.18766,-224205472.0,-13198299.56741,3.26735,67,,0.0,0.5596360998715436
"(512, 256)",0.0001,0.0001,657413,0.95819,0.56424,0.5296,0.08785,0.21762,0.4023,0.18766,-224732960.0,-13229332.31101,3.26937,63,,0.0,0.5592706979466551
"(512, 256)",1e-06,0.0001,657413,0.95818,0.56407,0.5296,0.08784,0.21737,0.4023,0.18669,-224805168.0,-13233579.56583,3.27044,63,,0.0,0.5590557088221628
"(512, 256)",0.001,0.0001,657413,0.95822,0.56434,0.52968,0.08785,0.21686,0.4023,0.1893,-224655392.0,-13224760.89479,3.26863,67,,0.0,0.5588174344053761
"(1024,)",0.01,0.0001,1054725,0.94731,0.54752,0.50827,0.09601,0.21584,0.40613,0.17523,-315625728.0,-18574491.35653,3.46551,67,,0.0,0.5477663802644221
"(1024,)",0.001,0.0001,1054725,0.94726,0.54704,0.50752,0.0962,0.21533,0.40613,0.17523,-315977248.0,-18595178.5331,3.46811,67,,0.0,0.5471106379955998
"(1024,)",0.0001,0.0001,1054725,0.94725,0.54699,0.50746,0.09621,0.21533,0.40613,0.17523,-316010240.0,-18597120.55593,3.46835,67,,0.0,0.5470831264916318
"(1024,)",1e-05,0.0001,1054725,0.94725,0.54699,0.50745,0.09621,0.21533,0.40613,0.17523,-316004448.0,-18596779.52197,3.46835,67,,0.0,0.5470820027572376
"(1024,)",1e-06,0.0001,1054725,0.94725,0.54699,0.50745,0.09621,0.21533,0.40613,0.17523,-316003136.0,-18596702.38998,3.46835,67,,0.0,0.5470820027572376
"(256, 128)",0.01,0.0001,295941,0.95233,0.55001,0.50727,0.09706,0.21124,0.40613,0.17116,-141993648.0,-8358493.72146,3.12485,117,,0.0,0.5450368029047973
"(256, 128)",0.001,0.0001,295941,0.95205,0.54965,0.50616,0.09713,0.21175,0.4023,0.16939,-142157632.0,-8368148.85531,3.13113,106,,0.0,0.5440652418551263
"(256, 128)",1e-05,0.0001,295941,0.95207,0.54905,0.50608,0.09726,0.21124,0.4023,0.17018,-141772384.0,-8345485.71039,3.13035,106,,0.0,0.5434703959696315
"(256, 128)",0.0001,0.0001,295941,0.95178,0.5491,0.5061,0.09723,0.21098,0.4023,0.16854,-142275808.0,-8375116.34139,3.13531,106,,0.0,0.543332391424971
"(256, 128)",1e-06,0.0001,295941,0.9518,0.54886,0.50622,0.09715,0.21047,0.4023,0.17018,-141173664.0,-8310283.20961,3.13339,106,,0.0,0.5429678003231636
"(512, 128)",0.01,0.0001,591109,0.95465,0.56386,0.51331,0.10052,0.19693,0.39847,0.16119,-227867392.0,-13409199.35908,3.16183,76,,0.0,0.5374512104664626
"(512, 128)",1e-05,0.0001,591109,0.95461,0.56325,0.51246,0.10083,0.19693,0.39847,0.15813,-229070976.0,-13480002.55031,3.16679,76,,0.0,0.53702296507035
"(512, 128)",1e-06,0.0001,591109,0.9546,0.56319,0.51248,0.1007,0.19642,0.39847,0.15813,-229354336.0,-13496669.9337,3.16663,76,,0.0,0.5367278140448339
"(512, 128)",0.0001,0.0001,591109,0.9546,0.5632,0.51249,0.10076,0.19642,0.39847,0.16119,-229275616.0,-13492038.76255,3.16645,76,,0.0,0.5367069246366487
"(512, 128)",0.001,0.0001,591109,0.9546,0.5633,0.51256,0.10074,0.19591,0.39847,0.16119,-228996992.0,-13475653.84104,3.16563,76,,0.0,0.5364239226112687
"(256, 64)",1e-06,0.0005,279173,0.9545,0.52791,0.51811,0.09138,0.20051,0.41379,0.21567,-205727744.0,-12111433.04788,3.27699,52,,0.0,0.5364051822234163
"(256, 64)",0.001,0.0005,279173,0.95455,0.52813,0.51815,0.09132,0.20153,0.40996,0.21224,-204892320.0,-12062319.25226,3.2792,52,,0.0,0.5361420871914747
"(256, 64)",1e-05,0.0005,279173,0.9545,0.5279,0.5181,0.09137,0.2,0.41379,0.21567,-205706496.0,-12110182.12748,3.27695,52,,0.0,0.5360725628814659
"(256, 64)",0.0001,0.0005,279173,0.95451,0.52789,0.51822,0.09145,0.2,0.40996,0.21357,-205710464.0,-12110425.23407,3.27733,52,,0.0,0.5350184346620863
"(256, 64)",0.01,0.0005,279173,0.95485,0.53154,0.55029,0.13417,0.19949,0.40996,0.21342,-204428400.0,-12034876.654,3.27295,78,,0.0,0.521468012768909
"(256,)",0.001,0.002,263685,0.95041,0.54685,0.59599,0.17464,0.20843,0.37548,0.16895,-197281200.0,-11610906.23052,3.63769,38,,0.0,0.5111397347626642
"(256,)",0.01,0.002,263685,0.9507,0.54819,0.57981,0.17758,0.20639,0.38314,0.1724,-199775552.0,-11757649.46767,3.63502,38,,0.0,0.5092556685906906
"(512,)",1e-06,0.001,527365,0.95056,0.53923,0.46645,0.12861,0.1977,0.38314,0.16068,-226401152.0,-13326103.26727,3.58316,25,,0.0,0.5085552387173695
"(512,)",1e-05,0.001,527365,0.95056,0.53923,0.46645,0.12864,0.1977,0.38314,0.16068,-226416288.0,-13326993.6215,3.58321,25,,0.0,0.5085425772840952
"(512,)",0.01,0.001,527365,0.9506,0.53905,0.49172,0.14075,0.19796,0.3908,0.1621,-226151376.0,-13311368.68038,3.5778,25,,0.0,0.5084422215403229
"(512,)",0.0001,0.001,527365,0.95057,0.53907,0.46635,0.12853,0.19617,0.38314,0.16068,-226321072.0,-13321394.71674,3.58416,25,,0.0,0.5075275905279527
"(512,)",0.001,0.001,527365,0.95055,0.53887,0.46638,0.12868,0.19617,0.38314,0.16068,-226306272.0,-13320512.46085,3.58016,25,,0.0,0.5074014600853834
"(256,)",1e-05,0.002,263685,0.95046,0.54692,0.5396,0.17069,0.20817,0.37931,0.17706,-198649216.0,-11691458.92005,3.64799,38,,0.0,0.5073543307158496
"(256,)",1e-06,0.002,263685,0.95046,0.54692,0.54488,0.17631,0.20817,0.37931,0.17706,-198650480.0,-11691533.26727,3.64799,38,,0.0,0.5055757539759126
"(256,)",0.0001,0.002,263685,0.95046,0.54669,0.56098,0.19269,0.20817,0.37931,0.17828,-199277152.0,-11728393.80783,3.64612,38,,0.0,0.5003957001314495
"(512,)",0.01,0.0005,527365,0.9486,0.52024,0.47406,0.15027,0.19847,0.36398,0.14252,-254388432.0,-14973051.98598,3.79724,119,,0.0,0.48933016024404846
"(512,)",0.0001,0.0005,527365,0.94855,0.51402,0.42738,0.13768,0.19336,0.36398,0.14383,-265859120.0,-15647845.30247,3.82783,31,,0.0,0.4840089198956603
"(512,)",0.001,0.0005,527365,0.94856,0.51408,0.42741,0.13763,0.1931,0.36398,0.14383,-265744544.0,-15641107.02421,3.82822,31,,0.0,0.48388378976487895
"(512,)",1e-05,0.0005,527365,0.94855,0.51403,0.42737,0.13768,0.1931,0.36398,0.14383,-265833136.0,-15646319.19567,3.82787,31,,0.0,0.4838416438186669
"(512,)",1e-06,0.0005,527365,0.94855,0.51403,0.42736,0.13769,0.1931,0.36398,0.14383,-265826528.0,-15645930.74757,3.8279,31,,0.0,0.4838362996065147
"(512, 64)",0.01,0.0001,557957,0.94868,0.48079,0.47738,0.11067,0.18365,0.35632,0.1537,-119642928.0,-7051148.35334,3.79793,93,,0.0,0.4816390541605831
"(512, 64)",0.001,0.0001,557957,0.94863,0.48007,0.47633,0.11101,0.18467,0.35249,0.15306,-119184192.0,-7024147.91925,3.80124,93,,0.0,0.4807735389162691
"(512, 64)",1e-06,0.0001,557957,0.94855,0.47972,0.47638,0.11078,0.18467,0.35249,0.15324,-119659952.0,-7052175.72702,3.80518,90,,0.0,0.4807603882377599
"(512, 64)",1e-05,0.0001,557957,0.94856,0.47978,0.47632,0.11088,0.18416,0.35249,0.15306,-119693104.0,-7054129.59974,3.80438,90,,0.0,0.48039889303628314
"(512, 64)",0.0001,0.0001,557957,0.94857,0.47978,0.47624,0.11095,0.18416,0.35249,0.15324,-119750016.0,-7057481.1955,3.80391,90,,0.0,0.48036035981682346
"(256, 64)",0.0001,0.0001,279173,0.94727,0.4684,0.44461,0.10448,0.17778,0.341,0.15529,-239601248.0,-14105450.75591,3.50863,118,,0.0,0.4685202142999582
"(512,)",0.01,0.0001,527365,0.94665,0.49805,0.40594,0.14325,0.18467,0.36398,0.13947,-281039808.0,-16540936.76651,3.96209,92,,0.0,0.46829925437839703
"(256, 64)",0.01,0.0001,279173,0.94739,0.4695,0.44551,0.10384,0.17548,0.341,0.16077,-238942304.0,-14066671.70421,3.50598,118,,0.0,0.467756443096591
"(512,)",0.0001,0.0001,527365,0.94656,0.49731,0.40457,0.14362,0.18467,0.36398,0.13947,-281065568.0,-16542465.65355,3.96475,88,,0.0,0.46774422551564343
"(256, 64)",0.001,0.0001,279173,0.94729,0.46844,0.44483,0.10444,0.17803,0.33716,0.15377,-239920208.0,-14124239.84845,3.50812,118,,0.0,0.46770477136862015
"(512,)",0.001,0.0001,527365,0.9466,0.4975,0.40464,0.14359,0.18442,0.36398,0.13947,-281341056.0,-16558669.97661,3.96514,92,,0.0,0.467664693550311
"(512,)",1e-05,0.0001,527365,0.94659,0.49744,0.40456,0.14363,0.18442,0.36398,0.13947,-281400256.0,-16562152.28295,3.96547,92,,0.0,0.4676189634203114
"(512,)",1e-06,0.0001,527365,0.94659,0.49744,0.40456,0.14363,0.18442,0.36398,0.13947,-281401312.0,-16562214.45192,3.96547,92,,0.0,0.4676189634203114
"(256, 64)",1e-06,0.0001,279173,0.94726,0.46856,0.44465,0.10444,0.17701,0.33716,0.15539,-240266544.0,-14144582.44824,3.5099,118,,0.0,0.46705944811446337
"(256, 64)",1e-05,0.0001,279173,0.94727,0.46861,0.44456,0.10444,0.17599,0.33716,0.15539,-239262304.0,-14085522.3231,3.51084,118,,0.0,0.4664010704020707
"(256,)",0.01,0.0005,263685,0.94275,0.49857,0.35493,0.14259,0.1857,0.37165,0.15952,-244743344.0,-14403726.57038,3.59062,222,,0.0,0.4657528425825703
"(128,)",0.001,0.002,131845,0.95066,0.48865,0.44401,0.1677,0.18263,0.37548,0.15205,-163626592.0,-9630358.53426,3.85632,45,,0.0,0.4609117862839566
"(128,)",1e-05,0.002,131845,0.95082,0.48897,0.4432,0.16704,0.1811,0.36398,0.14738,-164485744.0,-9680991.89268,3.85135,45,,0.0,0.45711369825119197
"(128,)",1e-06,0.002,131845,0.95082,0.48896,0.44343,0.16735,0.1811,0.36398,0.14738,-164481472.0,-9680741.01739,3.85134,45,,0.0,0.4570053996077875
"(128,)",0.0001,0.002,131845,0.95082,0.48898,0.45619,0.18554,0.1811,0.36398,0.14738,-164485040.0,-9680950.3136,3.85122,45,,0.0,0.45076885510069487
"(256,)",0.001,0.001,263685,0.94194,0.47186,0.38326,0.13635,0.17957,0.3295,0.13449,-251509664.0,-14802451.9994,3.91036,30,,0.0,0.44739297765894925
"(256,)",1e-06,0.001,263685,0.94193,0.47183,0.38034,0.13749,0.17957,0.3295,0.13449,-251503360.0,-14802081.09791,3.91057,30,,0.0,0.44657378357953237
"(256,)",1e-05,0.001,263685,0.94193,0.47183,0.38034,0.13749,0.17957,0.3295,0.13449,-251502464.0,-14802028.411,3.91056,30,,0.0,0.44657378357953237
"(256,)",0.0001,0.001,263685,0.94193,0.47184,0.38043,0.13753,0.17957,0.3295,0.13449,-251500768.0,-14801928.59465,3.91053,30,,0.0,0.4465703250020163
"(256,)",0.01,0.001,263685,0.94195,0.47506,0.4737,0.19251,0.18059,0.33333,0.13779,-260080336.0,-15306305.67276,3.92052,75,,0.0,0.43660829230900194
"(256,)",0.001,0.0005,263685,0.93917,0.4463,0.35134,0.14185,0.17114,0.33333,0.14009,-264348032.0,-15558277.90327,3.98146,42,,0.0,0.4285611581072881
"(256,)",1e-06,0.0005,263685,0.93916,0.44625,0.35125,0.14183,0.17114,0.33333,0.14009,-264245856.0,-15552268.21353,3.98218,42,,0.0,0.4285429368334119
"(256,)",0.0001,0.0005,263685,0.93916,0.44625,0.35125,0.14183,0.17114,0.33333,0.14009,-264245408.0,-15552241.76211,3.98215,42,,0.0,0.4285429368334119
"(256,)",1e-05,0.0005,263685,0.93916,0.44625,0.35124,0.14183,0.17114,0.33333,0.14009,-264245376.0,-15552239.97491,3.98217,42,,0.0,0.42854181309901773
"(256,)",0.01,0.0001,263685,0.93719,0.42889,0.33598,0.1451,0.16909,0.341,0.13798,-270544128.0,-15922995.46931,4.04164,134,,0.0,0.420428843835047
"(256,)",0.001,0.0001,263685,0.93703,0.42809,0.33458,0.14546,0.16858,0.341,0.13706,-271062880.0,-15953526.25142,4.04615,125,,0.0,0.4195223995417097
"(256,)",0.0001,0.0001,263685,0.93685,0.42767,0.33447,0.14549,0.16807,0.341,0.13706,-270709600.0,-15932765.584,4.04705,117,,0.0,0.41902596226205574
"(256,)",1e-06,0.0001,263685,0.93685,0.42765,0.33464,0.14545,0.16833,0.33716,0.13595,-270663392.0,-15930047.61701,4.04706,117,,0.0,0.4181915600867241
"(256,)",1e-05,0.0001,263685,0.93685,0.42765,0.33446,0.14549,0.16833,0.33716,0.13595,-270678848.0,-15930957.0945,4.04706,117,,0.0,0.41815445095659715
"(128,)",1e-06,0.001,131845,0.94434,0.41619,0.34416,0.14992,0.16475,0.31034,0.11017,-212241536.0,-12491069.44405,4.12725,38,,0.0,0.40403202859622694
"(128,)",1e-05,0.001,131845,0.94434,0.41619,0.34416,0.14992,0.16475,0.31034,0.11017,-212240736.0,-12491022.36964,4.12725,38,,0.0,0.40403202859622694
"(128,)",0.0001,0.001,131845,0.94434,0.4162,0.34416,0.14993,0.16475,0.31034,0.11017,-212239744.0,-12490963.94355,4.12722,38,,0.0,0.4040311178424379
"(128,)",0.001,0.001,131845,0.94437,0.41617,0.34418,0.14994,0.1645,0.31034,0.10899,-213366576.0,-12557252.82228,4.12773,38,,0.0,0.4038562713667839
"(128,)",0.01,0.0005,131845,0.94223,0.39016,0.33275,0.15653,0.16398,0.32184,0.11723,-234942880.0,-13826852.94177,4.2097,62,,0.0,0.3939373410969932
"(128,)",0.001,0.0005,131845,0.94211,0.38855,0.31698,0.15424,0.16194,0.32184,0.11646,-235563728.0,-13863378.5303,4.21661,62,,0.0,0.39126921035964396
"(128,)",1e-06,0.0005,131845,0.94209,0.3884,0.31682,0.15427,0.16194,0.32184,0.11646,-235620144.0,-13866697.22445,4.21724,62,,0.0,0.3911889233165282
"(128,)",0.0001,0.0005,131845,0.94209,0.38841,0.31682,0.15427,0.16169,0.32184,0.11646,-235615920.0,-13866448.50983,4.21716,62,,0.0,0.3910292887457201
"(128,)",1e-05,0.0005,131845,0.94209,0.3884,0.31682,0.15427,0.16169,0.32184,0.11646,-235612704.0,-13866259.17373,4.21729,62,,0.0,0.39102597902175107
"(128,)",1e-06,0.0001,131845,0.94011,0.37436,0.3002,0.15682,0.16424,0.31801,0.1238,-236144160.0,-13897385.94337,4.19248,162,,0.0,0.384066750498527
"(128,)",0.0001,0.0001,131845,0.94011,0.37433,0.30019,0.15688,0.16424,0.31801,0.1238,-236024272.0,-13890329.8929,4.19251,162,,0.0,0.38403037472567736
"(128,)",1e-05,0.0001,131845,0.94011,0.37434,0.29989,0.15686,0.16424,0.31801,0.1238,-236089168.0,-13894150.79422,4.19246,162,,0.0,0.3840084133733384
"(128,)",0.01,0.0001,131845,0.94019,0.37508,0.3014,0.15688,0.1645,0.31418,0.12551,-235785984.0,-13876298.59127,4.18864,162,,0.0,0.38355349846553727
"(128,)",0.001,0.0001,131845,0.94012,0.37441,0.30034,0.15681,0.16398,0.31418,0.12551,-236146272.0,-13897503.79415,4.19148,162,,0.0,0.38290325032500433
